id,url,current_content,issue,evidence_currently_available,exact_decision_required,proposed_action,verification_status
surah-1,/quran/1,Al-Faatiha (The Opening) — 7 ayahs — Meccan,no verified scholarly introduction,"number, name (Arabic), englishName, englishNameTranslation, numberOfAyahs, revelationType — mechanical metadata only; no introduction prose in repository",Scholar: source a verified introduction from a named scholarly work with a verifiable citation; reviewer: approve the exact wording before any publication.,keep NOT_PUBLISHED until verified,NOT PUBLISHABLE WITHOUT SCHOLAR REVIEW
surah-2,/quran/2,Al-Baqara (The Cow) — 286 ayahs — Medinan,no verified scholarly introduction,"number, name (Arabic), englishName, englishNameTranslation, numberOfAyahs, revelationType — mechanical metadata only; no introduction prose in repository",Scholar: source a verified introduction from a named scholarly work with a verifiable citation; reviewer: approve the exact wording before any publication.,keep NOT_PUBLISHED until verified,NOT PUBLISHABLE WITHOUT SCHOLAR REVIEW
surah-3,/quran/3,Aal-i-Imraan (The Family of Imraan) — 200 ayahs — Medinan,no verified scholarly introduction,"number, name (Arabic), englishName, englishNameTranslation, numberOfAyahs, revelationType — mechanical metadata only; no introduction prose in repository",Scholar: source a verified introduction from a named scholarly work with a verifiable citation; reviewer: approve the exact wording before any publication.,keep NOT_PUBLISHED until verified,NOT PUBLISHABLE WITHOUT SCHOLAR REVIEW
surah-4,/quran/4,An-Nisaa (The Women) — 176 ayahs — Medinan,no verified scholarly introduction,"number, name (Arabic), englishName, englishNameTranslation, numberOfAyahs, revelationType — mechanical metadata only; no introduction prose in repository",Scholar: source a verified introduction from a named scholarly work with a verifiable citation; reviewer: approve the exact wording before any publication.,keep NOT_PUBLISHED until verified,NOT PUBLISHABLE WITHOUT SCHOLAR REVIEW
surah-5,/quran/5,Al-Maaida (The Table) — 120 ayahs — Medinan,no verified scholarly introduction,"number, name (Arabic), englishName, englishNameTranslation, numberOfAyahs, revelationType — mechanical metadata only; no introduction prose in repository",Scholar: source a verified introduction from a named scholarly work with a verifiable citation; reviewer: approve the exact wording before any publication.,keep NOT_PUBLISHED until verified,NOT PUBLISHABLE WITHOUT SCHOLAR REVIEW
surah-6,/quran/6,Al-An'aam (The Cattle) — 165 ayahs — Meccan,no verified scholarly introduction,"number, name (Arabic), englishName, englishNameTranslation, numberOfAyahs, revelationType — mechanical metadata only; no introduction prose in repository",Scholar: source a verified introduction from a named scholarly work with a verifiable citation; reviewer: approve the exact wording before any publication.,keep NOT_PUBLISHED until verified,NOT PUBLISHABLE WITHOUT SCHOLAR REVIEW
surah-7,/quran/7,Al-A'raaf (The Heights) — 206 ayahs — Meccan,no verified scholarly introduction,"number, name (Arabic), englishName, englishNameTranslation, numberOfAyahs, revelationType — mechanical metadata only; no introduction prose in repository",Scholar: source a verified introduction from a named scholarly work with a verifiable citation; reviewer: approve the exact wording before any publication.,keep NOT_PUBLISHED until verified,NOT PUBLISHABLE WITHOUT SCHOLAR REVIEW
surah-8,/quran/8,Al-Anfaal (The Spoils of War) — 75 ayahs — Medinan,no verified scholarly introduction,"number, name (Arabic), englishName, englishNameTranslation, numberOfAyahs, revelationType — mechanical metadata only; no introduction prose in repository",Scholar: source a verified introduction from a named scholarly work with a verifiable citation; reviewer: approve the exact wording before any publication.,keep NOT_PUBLISHED until verified,NOT PUBLISHABLE WITHOUT SCHOLAR REVIEW
surah-9,/quran/9,At-Tawba (The Repentance) — 129 ayahs — Medinan,no verified scholarly introduction,"number, name (Arabic), englishName, englishNameTranslation, numberOfAyahs, revelationType — mechanical metadata only; no introduction prose in repository",Scholar: source a verified introduction from a named scholarly work with a verifiable citation; reviewer: approve the exact wording before any publication.,keep NOT_PUBLISHED until verified,NOT PUBLISHABLE WITHOUT SCHOLAR REVIEW
surah-10,/quran/10,Yunus (Jonas) — 109 ayahs — Meccan,no verified scholarly introduction,"number, name (Arabic), englishName, englishNameTranslation, numberOfAyahs, revelationType — mechanical metadata only; no introduction prose in repository",Scholar: source a verified introduction from a named scholarly work with a verifiable citation; reviewer: approve the exact wording before any publication.,keep NOT_PUBLISHED until verified,NOT PUBLISHABLE WITHOUT SCHOLAR REVIEW
surah-11,/quran/11,Hud (Hud) — 123 ayahs — Meccan,no verified scholarly introduction,"number, name (Arabic), englishName, englishNameTranslation, numberOfAyahs, revelationType — mechanical metadata only; no introduction prose in repository",Scholar: source a verified introduction from a named scholarly work with a verifiable citation; reviewer: approve the exact wording before any publication.,keep NOT_PUBLISHED until verified,NOT PUBLISHABLE WITHOUT SCHOLAR REVIEW
surah-12,/quran/12,Yusuf (Joseph) — 111 ayahs — Meccan,no verified scholarly introduction,"number, name (Arabic), englishName, englishNameTranslation, numberOfAyahs, revelationType — mechanical metadata only; no introduction prose in repository",Scholar: source a verified introduction from a named scholarly work with a verifiable citation; reviewer: approve the exact wording before any publication.,keep NOT_PUBLISHED until verified,NOT PUBLISHABLE WITHOUT SCHOLAR REVIEW
surah-13,/quran/13,Ar-Ra'd (The Thunder) — 43 ayahs — Medinan,no verified scholarly introduction,"number, name (Arabic), englishName, englishNameTranslation, numberOfAyahs, revelationType — mechanical metadata only; no introduction prose in repository",Scholar: source a verified introduction from a named scholarly work with a verifiable citation; reviewer: approve the exact wording before any publication.,keep NOT_PUBLISHED until verified,NOT PUBLISHABLE WITHOUT SCHOLAR REVIEW
surah-14,/quran/14,Ibrahim (Abraham) — 52 ayahs — Meccan,no verified scholarly introduction,"number, name (Arabic), englishName, englishNameTranslation, numberOfAyahs, revelationType — mechanical metadata only; no introduction prose in repository",Scholar: source a verified introduction from a named scholarly work with a verifiable citation; reviewer: approve the exact wording before any publication.,keep NOT_PUBLISHED until verified,NOT PUBLISHABLE WITHOUT SCHOLAR REVIEW
surah-15,/quran/15,Al-Hijr (The Rock) — 99 ayahs — Meccan,no verified scholarly introduction,"number, name (Arabic), englishName, englishNameTranslation, numberOfAyahs, revelationType — mechanical metadata only; no introduction prose in repository",Scholar: source a verified introduction from a named scholarly work with a verifiable citation; reviewer: approve the exact wording before any publication.,keep NOT_PUBLISHED until verified,NOT PUBLISHABLE WITHOUT SCHOLAR REVIEW
surah-16,/quran/16,An-Nahl (The Bee) — 128 ayahs — Meccan,no verified scholarly introduction,"number, name (Arabic), englishName, englishNameTranslation, numberOfAyahs, revelationType — mechanical metadata only; no introduction prose in repository",Scholar: source a verified introduction from a named scholarly work with a verifiable citation; reviewer: approve the exact wording before any publication.,keep NOT_PUBLISHED until verified,NOT PUBLISHABLE WITHOUT SCHOLAR REVIEW
surah-17,/quran/17,Al-Israa (The Night Journey) — 111 ayahs — Meccan,no verified scholarly introduction,"number, name (Arabic), englishName, englishNameTranslation, numberOfAyahs, revelationType — mechanical metadata only; no introduction prose in repository",Scholar: source a verified introduction from a named scholarly work with a verifiable citation; reviewer: approve the exact wording before any publication.,keep NOT_PUBLISHED until verified,NOT PUBLISHABLE WITHOUT SCHOLAR REVIEW
surah-18,/quran/18,Al-Kahf (The Cave) — 110 ayahs — Meccan,no verified scholarly introduction,"number, name (Arabic), englishName, englishNameTranslation, numberOfAyahs, revelationType — mechanical metadata only; no introduction prose in repository",Scholar: source a verified introduction from a named scholarly work with a verifiable citation; reviewer: approve the exact wording before any publication.,keep NOT_PUBLISHED until verified,NOT PUBLISHABLE WITHOUT SCHOLAR REVIEW
surah-19,/quran/19,Maryam (Mary) — 98 ayahs — Meccan,no verified scholarly introduction,"number, name (Arabic), englishName, englishNameTranslation, numberOfAyahs, revelationType — mechanical metadata only; no introduction prose in repository",Scholar: source a verified introduction from a named scholarly work with a verifiable citation; reviewer: approve the exact wording before any publication.,keep NOT_PUBLISHED until verified,NOT PUBLISHABLE WITHOUT SCHOLAR REVIEW
surah-20,/quran/20,Taa-Haa (Taa-Haa) — 135 ayahs — Meccan,no verified scholarly introduction,"number, name (Arabic), englishName, englishNameTranslation, numberOfAyahs, revelationType — mechanical metadata only; no introduction prose in repository",Scholar: source a verified introduction from a named scholarly work with a verifiable citation; reviewer: approve the exact wording before any publication.,keep NOT_PUBLISHED until verified,NOT PUBLISHABLE WITHOUT SCHOLAR REVIEW
surah-21,/quran/21,Al-Anbiyaa (The Prophets) — 112 ayahs — Meccan,no verified scholarly introduction,"number, name (Arabic), englishName, englishNameTranslation, numberOfAyahs, revelationType — mechanical metadata only; no introduction prose in repository",Scholar: source a verified introduction from a named scholarly work with a verifiable citation; reviewer: approve the exact wording before any publication.,keep NOT_PUBLISHED until verified,NOT PUBLISHABLE WITHOUT SCHOLAR REVIEW
surah-22,/quran/22,Al-Hajj (The Pilgrimage) — 78 ayahs — Medinan,no verified scholarly introduction,"number, name (Arabic), englishName, englishNameTranslation, numberOfAyahs, revelationType — mechanical metadata only; no introduction prose in repository",Scholar: source a verified introduction from a named scholarly work with a verifiable citation; reviewer: approve the exact wording before any publication.,keep NOT_PUBLISHED until verified,NOT PUBLISHABLE WITHOUT SCHOLAR REVIEW
surah-23,/quran/23,Al-Muminoon (The Believers) — 118 ayahs — Meccan,no verified scholarly introduction,"number, name (Arabic), englishName, englishNameTranslation, numberOfAyahs, revelationType — mechanical metadata only; no introduction prose in repository",Scholar: source a verified introduction from a named scholarly work with a verifiable citation; reviewer: approve the exact wording before any publication.,keep NOT_PUBLISHED until verified,NOT PUBLISHABLE WITHOUT SCHOLAR REVIEW
surah-24,/quran/24,An-Noor (The Light) — 64 ayahs — Medinan,no verified scholarly introduction,"number, name (Arabic), englishName, englishNameTranslation, numberOfAyahs, revelationType — mechanical metadata only; no introduction prose in repository",Scholar: source a verified introduction from a named scholarly work with a verifiable citation; reviewer: approve the exact wording before any publication.,keep NOT_PUBLISHED until verified,NOT PUBLISHABLE WITHOUT SCHOLAR REVIEW
surah-25,/quran/25,Al-Furqaan (The Criterion) — 77 ayahs — Meccan,no verified scholarly introduction,"number, name (Arabic), englishName, englishNameTranslation, numberOfAyahs, revelationType — mechanical metadata only; no introduction prose in repository",Scholar: source a verified introduction from a named scholarly work with a verifiable citation; reviewer: approve the exact wording before any publication.,keep NOT_PUBLISHED until verified,NOT PUBLISHABLE WITHOUT SCHOLAR REVIEW
surah-26,/quran/26,Ash-Shu'araa (The Poets) — 227 ayahs — Meccan,no verified scholarly introduction,"number, name (Arabic), englishName, englishNameTranslation, numberOfAyahs, revelationType — mechanical metadata only; no introduction prose in repository",Scholar: source a verified introduction from a named scholarly work with a verifiable citation; reviewer: approve the exact wording before any publication.,keep NOT_PUBLISHED until verified,NOT PUBLISHABLE WITHOUT SCHOLAR REVIEW
surah-27,/quran/27,An-Naml (The Ant) — 93 ayahs — Meccan,no verified scholarly introduction,"number, name (Arabic), englishName, englishNameTranslation, numberOfAyahs, revelationType — mechanical metadata only; no introduction prose in repository",Scholar: source a verified introduction from a named scholarly work with a verifiable citation; reviewer: approve the exact wording before any publication.,keep NOT_PUBLISHED until verified,NOT PUBLISHABLE WITHOUT SCHOLAR REVIEW
surah-28,/quran/28,Al-Qasas (The Stories) — 88 ayahs — Meccan,no verified scholarly introduction,"number, name (Arabic), englishName, englishNameTranslation, numberOfAyahs, revelationType — mechanical metadata only; no introduction prose in repository",Scholar: source a verified introduction from a named scholarly work with a verifiable citation; reviewer: approve the exact wording before any publication.,keep NOT_PUBLISHED until verified,NOT PUBLISHABLE WITHOUT SCHOLAR REVIEW
surah-29,/quran/29,Al-Ankaboot (The Spider) — 69 ayahs — Meccan,no verified scholarly introduction,"number, name (Arabic), englishName, englishNameTranslation, numberOfAyahs, revelationType — mechanical metadata only; no introduction prose in repository",Scholar: source a verified introduction from a named scholarly work with a verifiable citation; reviewer: approve the exact wording before any publication.,keep NOT_PUBLISHED until verified,NOT PUBLISHABLE WITHOUT SCHOLAR REVIEW
surah-30,/quran/30,Ar-Room (The Romans) — 60 ayahs — Meccan,no verified scholarly introduction,"number, name (Arabic), englishName, englishNameTranslation, numberOfAyahs, revelationType — mechanical metadata only; no introduction prose in repository",Scholar: source a verified introduction from a named scholarly work with a verifiable citation; reviewer: approve the exact wording before any publication.,keep NOT_PUBLISHED until verified,NOT PUBLISHABLE WITHOUT SCHOLAR REVIEW
surah-31,/quran/31,Luqman (Luqman) — 34 ayahs — Meccan,no verified scholarly introduction,"number, name (Arabic), englishName, englishNameTranslation, numberOfAyahs, revelationType — mechanical metadata only; no introduction prose in repository",Scholar: source a verified introduction from a named scholarly work with a verifiable citation; reviewer: approve the exact wording before any publication.,keep NOT_PUBLISHED until verified,NOT PUBLISHABLE WITHOUT SCHOLAR REVIEW
surah-32,/quran/32,As-Sajda (The Prostration) — 30 ayahs — Meccan,no verified scholarly introduction,"number, name (Arabic), englishName, englishNameTranslation, numberOfAyahs, revelationType — mechanical metadata only; no introduction prose in repository",Scholar: source a verified introduction from a named scholarly work with a verifiable citation; reviewer: approve the exact wording before any publication.,keep NOT_PUBLISHED until verified,NOT PUBLISHABLE WITHOUT SCHOLAR REVIEW
surah-33,/quran/33,Al-Ahzaab (The Clans) — 73 ayahs — Medinan,no verified scholarly introduction,"number, name (Arabic), englishName, englishNameTranslation, numberOfAyahs, revelationType — mechanical metadata only; no introduction prose in repository",Scholar: source a verified introduction from a named scholarly work with a verifiable citation; reviewer: approve the exact wording before any publication.,keep NOT_PUBLISHED until verified,NOT PUBLISHABLE WITHOUT SCHOLAR REVIEW
surah-34,/quran/34,Saba (Sheba) — 54 ayahs — Meccan,no verified scholarly introduction,"number, name (Arabic), englishName, englishNameTranslation, numberOfAyahs, revelationType — mechanical metadata only; no introduction prose in repository",Scholar: source a verified introduction from a named scholarly work with a verifiable citation; reviewer: approve the exact wording before any publication.,keep NOT_PUBLISHED until verified,NOT PUBLISHABLE WITHOUT SCHOLAR REVIEW
surah-35,/quran/35,Faatir (The Originator) — 45 ayahs — Meccan,no verified scholarly introduction,"number, name (Arabic), englishName, englishNameTranslation, numberOfAyahs, revelationType — mechanical metadata only; no introduction prose in repository",Scholar: source a verified introduction from a named scholarly work with a verifiable citation; reviewer: approve the exact wording before any publication.,keep NOT_PUBLISHED until verified,NOT PUBLISHABLE WITHOUT SCHOLAR REVIEW
surah-36,/quran/36,Yaseen (Yaseen) — 83 ayahs — Meccan,no verified scholarly introduction,"number, name (Arabic), englishName, englishNameTranslation, numberOfAyahs, revelationType — mechanical metadata only; no introduction prose in repository",Scholar: source a verified introduction from a named scholarly work with a verifiable citation; reviewer: approve the exact wording before any publication.,keep NOT_PUBLISHED until verified,NOT PUBLISHABLE WITHOUT SCHOLAR REVIEW
surah-37,/quran/37,As-Saaffaat (Those drawn up in Ranks) — 182 ayahs — Meccan,no verified scholarly introduction,"number, name (Arabic), englishName, englishNameTranslation, numberOfAyahs, revelationType — mechanical metadata only; no introduction prose in repository",Scholar: source a verified introduction from a named scholarly work with a verifiable citation; reviewer: approve the exact wording before any publication.,keep NOT_PUBLISHED until verified,NOT PUBLISHABLE WITHOUT SCHOLAR REVIEW
surah-38,/quran/38,Saad (The letter Saad) — 88 ayahs — Meccan,no verified scholarly introduction,"number, name (Arabic), englishName, englishNameTranslation, numberOfAyahs, revelationType — mechanical metadata only; no introduction prose in repository",Scholar: source a verified introduction from a named scholarly work with a verifiable citation; reviewer: approve the exact wording before any publication.,keep NOT_PUBLISHED until verified,NOT PUBLISHABLE WITHOUT SCHOLAR REVIEW
surah-39,/quran/39,Az-Zumar (The Groups) — 75 ayahs — Meccan,no verified scholarly introduction,"number, name (Arabic), englishName, englishNameTranslation, numberOfAyahs, revelationType — mechanical metadata only; no introduction prose in repository",Scholar: source a verified introduction from a named scholarly work with a verifiable citation; reviewer: approve the exact wording before any publication.,keep NOT_PUBLISHED until verified,NOT PUBLISHABLE WITHOUT SCHOLAR REVIEW
surah-40,/quran/40,Ghafir (The Forgiver) — 85 ayahs — Meccan,no verified scholarly introduction,"number, name (Arabic), englishName, englishNameTranslation, numberOfAyahs, revelationType — mechanical metadata only; no introduction prose in repository",Scholar: source a verified introduction from a named scholarly work with a verifiable citation; reviewer: approve the exact wording before any publication.,keep NOT_PUBLISHED until verified,NOT PUBLISHABLE WITHOUT SCHOLAR REVIEW
surah-41,/quran/41,Fussilat (Explained in detail) — 54 ayahs — Meccan,no verified scholarly introduction,"number, name (Arabic), englishName, englishNameTranslation, numberOfAyahs, revelationType — mechanical metadata only; no introduction prose in repository",Scholar: source a verified introduction from a named scholarly work with a verifiable citation; reviewer: approve the exact wording before any publication.,keep NOT_PUBLISHED until verified,NOT PUBLISHABLE WITHOUT SCHOLAR REVIEW
surah-42,/quran/42,Ash-Shura (Consultation) — 53 ayahs — Meccan,no verified scholarly introduction,"number, name (Arabic), englishName, englishNameTranslation, numberOfAyahs, revelationType — mechanical metadata only; no introduction prose in repository",Scholar: source a verified introduction from a named scholarly work with a verifiable citation; reviewer: approve the exact wording before any publication.,keep NOT_PUBLISHED until verified,NOT PUBLISHABLE WITHOUT SCHOLAR REVIEW
surah-43,/quran/43,Az-Zukhruf (Ornaments of gold) — 89 ayahs — Meccan,no verified scholarly introduction,"number, name (Arabic), englishName, englishNameTranslation, numberOfAyahs, revelationType — mechanical metadata only; no introduction prose in repository",Scholar: source a verified introduction from a named scholarly work with a verifiable citation; reviewer: approve the exact wording before any publication.,keep NOT_PUBLISHED until verified,NOT PUBLISHABLE WITHOUT SCHOLAR REVIEW
surah-44,/quran/44,Ad-Dukhaan (The Smoke) — 59 ayahs — Meccan,no verified scholarly introduction,"number, name (Arabic), englishName, englishNameTranslation, numberOfAyahs, revelationType — mechanical metadata only; no introduction prose in repository",Scholar: source a verified introduction from a named scholarly work with a verifiable citation; reviewer: approve the exact wording before any publication.,keep NOT_PUBLISHED until verified,NOT PUBLISHABLE WITHOUT SCHOLAR REVIEW
surah-45,/quran/45,Al-Jaathiya (Crouching) — 37 ayahs — Meccan,no verified scholarly introduction,"number, name (Arabic), englishName, englishNameTranslation, numberOfAyahs, revelationType — mechanical metadata only; no introduction prose in repository",Scholar: source a verified introduction from a named scholarly work with a verifiable citation; reviewer: approve the exact wording before any publication.,keep NOT_PUBLISHED until verified,NOT PUBLISHABLE WITHOUT SCHOLAR REVIEW
surah-46,/quran/46,Al-Ahqaf (The Dunes) — 35 ayahs — Meccan,no verified scholarly introduction,"number, name (Arabic), englishName, englishNameTranslation, numberOfAyahs, revelationType — mechanical metadata only; no introduction prose in repository",Scholar: source a verified introduction from a named scholarly work with a verifiable citation; reviewer: approve the exact wording before any publication.,keep NOT_PUBLISHED until verified,NOT PUBLISHABLE WITHOUT SCHOLAR REVIEW
surah-47,/quran/47,Muhammad (Muhammad) — 38 ayahs — Medinan,no verified scholarly introduction,"number, name (Arabic), englishName, englishNameTranslation, numberOfAyahs, revelationType — mechanical metadata only; no introduction prose in repository",Scholar: source a verified introduction from a named scholarly work with a verifiable citation; reviewer: approve the exact wording before any publication.,keep NOT_PUBLISHED until verified,NOT PUBLISHABLE WITHOUT SCHOLAR REVIEW
surah-48,/quran/48,Al-Fath (The Victory) — 29 ayahs — Medinan,no verified scholarly introduction,"number, name (Arabic), englishName, englishNameTranslation, numberOfAyahs, revelationType — mechanical metadata only; no introduction prose in repository",Scholar: source a verified introduction from a named scholarly work with a verifiable citation; reviewer: approve the exact wording before any publication.,keep NOT_PUBLISHED until verified,NOT PUBLISHABLE WITHOUT SCHOLAR REVIEW
surah-49,/quran/49,Al-Hujuraat (The Inner Apartments) — 18 ayahs — Medinan,no verified scholarly introduction,"number, name (Arabic), englishName, englishNameTranslation, numberOfAyahs, revelationType — mechanical metadata only; no introduction prose in repository",Scholar: source a verified introduction from a named scholarly work with a verifiable citation; reviewer: approve the exact wording before any publication.,keep NOT_PUBLISHED until verified,NOT PUBLISHABLE WITHOUT SCHOLAR REVIEW
surah-50,/quran/50,Qaaf (The letter Qaaf) — 45 ayahs — Meccan,no verified scholarly introduction,"number, name (Arabic), englishName, englishNameTranslation, numberOfAyahs, revelationType — mechanical metadata only; no introduction prose in repository",Scholar: source a verified introduction from a named scholarly work with a verifiable citation; reviewer: approve the exact wording before any publication.,keep NOT_PUBLISHED until verified,NOT PUBLISHABLE WITHOUT SCHOLAR REVIEW
surah-51,/quran/51,Adh-Dhaariyat (The Winnowing Winds) — 60 ayahs — Meccan,no verified scholarly introduction,"number, name (Arabic), englishName, englishNameTranslation, numberOfAyahs, revelationType — mechanical metadata only; no introduction prose in repository",Scholar: source a verified introduction from a named scholarly work with a verifiable citation; reviewer: approve the exact wording before any publication.,keep NOT_PUBLISHED until verified,NOT PUBLISHABLE WITHOUT SCHOLAR REVIEW
surah-52,/quran/52,At-Tur (The Mount) — 49 ayahs — Meccan,no verified scholarly introduction,"number, name (Arabic), englishName, englishNameTranslation, numberOfAyahs, revelationType — mechanical metadata only; no introduction prose in repository",Scholar: source a verified introduction from a named scholarly work with a verifiable citation; reviewer: approve the exact wording before any publication.,keep NOT_PUBLISHED until verified,NOT PUBLISHABLE WITHOUT SCHOLAR REVIEW
surah-53,/quran/53,An-Najm (The Star) — 62 ayahs — Meccan,no verified scholarly introduction,"number, name (Arabic), englishName, englishNameTranslation, numberOfAyahs, revelationType — mechanical metadata only; no introduction prose in repository",Scholar: source a verified introduction from a named scholarly work with a verifiable citation; reviewer: approve the exact wording before any publication.,keep NOT_PUBLISHED until verified,NOT PUBLISHABLE WITHOUT SCHOLAR REVIEW
surah-54,/quran/54,Al-Qamar (The Moon) — 55 ayahs — Meccan,no verified scholarly introduction,"number, name (Arabic), englishName, englishNameTranslation, numberOfAyahs, revelationType — mechanical metadata only; no introduction prose in repository",Scholar: source a verified introduction from a named scholarly work with a verifiable citation; reviewer: approve the exact wording before any publication.,keep NOT_PUBLISHED until verified,NOT PUBLISHABLE WITHOUT SCHOLAR REVIEW
surah-55,/quran/55,Ar-Rahmaan (The Beneficent) — 78 ayahs — Medinan,no verified scholarly introduction,"number, name (Arabic), englishName, englishNameTranslation, numberOfAyahs, revelationType — mechanical metadata only; no introduction prose in repository",Scholar: source a verified introduction from a named scholarly work with a verifiable citation; reviewer: approve the exact wording before any publication.,keep NOT_PUBLISHED until verified,NOT PUBLISHABLE WITHOUT SCHOLAR REVIEW
surah-56,/quran/56,Al-Waaqia (The Inevitable) — 96 ayahs — Meccan,no verified scholarly introduction,"number, name (Arabic), englishName, englishNameTranslation, numberOfAyahs, revelationType — mechanical metadata only; no introduction prose in repository",Scholar: source a verified introduction from a named scholarly work with a verifiable citation; reviewer: approve the exact wording before any publication.,keep NOT_PUBLISHED until verified,NOT PUBLISHABLE WITHOUT SCHOLAR REVIEW
surah-57,/quran/57,Al-Hadid (The Iron) — 29 ayahs — Medinan,no verified scholarly introduction,"number, name (Arabic), englishName, englishNameTranslation, numberOfAyahs, revelationType — mechanical metadata only; no introduction prose in repository",Scholar: source a verified introduction from a named scholarly work with a verifiable citation; reviewer: approve the exact wording before any publication.,keep NOT_PUBLISHED until verified,NOT PUBLISHABLE WITHOUT SCHOLAR REVIEW
surah-58,/quran/58,Al-Mujaadila (The Pleading Woman) — 22 ayahs — Medinan,no verified scholarly introduction,"number, name (Arabic), englishName, englishNameTranslation, numberOfAyahs, revelationType — mechanical metadata only; no introduction prose in repository",Scholar: source a verified introduction from a named scholarly work with a verifiable citation; reviewer: approve the exact wording before any publication.,keep NOT_PUBLISHED until verified,NOT PUBLISHABLE WITHOUT SCHOLAR REVIEW
surah-59,/quran/59,Al-Hashr (The Exile) — 24 ayahs — Medinan,no verified scholarly introduction,"number, name (Arabic), englishName, englishNameTranslation, numberOfAyahs, revelationType — mechanical metadata only; no introduction prose in repository",Scholar: source a verified introduction from a named scholarly work with a verifiable citation; reviewer: approve the exact wording before any publication.,keep NOT_PUBLISHED until verified,NOT PUBLISHABLE WITHOUT SCHOLAR REVIEW
surah-60,/quran/60,Al-Mumtahana (She that is to be examined) — 13 ayahs — Medinan,no verified scholarly introduction,"number, name (Arabic), englishName, englishNameTranslation, numberOfAyahs, revelationType — mechanical metadata only; no introduction prose in repository",Scholar: source a verified introduction from a named scholarly work with a verifiable citation; reviewer: approve the exact wording before any publication.,keep NOT_PUBLISHED until verified,NOT PUBLISHABLE WITHOUT SCHOLAR REVIEW
surah-61,/quran/61,As-Saff (The Ranks) — 14 ayahs — Medinan,no verified scholarly introduction,"number, name (Arabic), englishName, englishNameTranslation, numberOfAyahs, revelationType — mechanical metadata only; no introduction prose in repository",Scholar: source a verified introduction from a named scholarly work with a verifiable citation; reviewer: approve the exact wording before any publication.,keep NOT_PUBLISHED until verified,NOT PUBLISHABLE WITHOUT SCHOLAR REVIEW
surah-62,/quran/62,Al-Jumu'a (Friday) — 11 ayahs — Medinan,no verified scholarly introduction,"number, name (Arabic), englishName, englishNameTranslation, numberOfAyahs, revelationType — mechanical metadata only; no introduction prose in repository",Scholar: source a verified introduction from a named scholarly work with a verifiable citation; reviewer: approve the exact wording before any publication.,keep NOT_PUBLISHED until verified,NOT PUBLISHABLE WITHOUT SCHOLAR REVIEW
surah-63,/quran/63,Al-Munaafiqoon (The Hypocrites) — 11 ayahs — Medinan,no verified scholarly introduction,"number, name (Arabic), englishName, englishNameTranslation, numberOfAyahs, revelationType — mechanical metadata only; no introduction prose in repository",Scholar: source a verified introduction from a named scholarly work with a verifiable citation; reviewer: approve the exact wording before any publication.,keep NOT_PUBLISHED until verified,NOT PUBLISHABLE WITHOUT SCHOLAR REVIEW
surah-64,/quran/64,At-Taghaabun (Mutual Disillusion) — 18 ayahs — Medinan,no verified scholarly introduction,"number, name (Arabic), englishName, englishNameTranslation, numberOfAyahs, revelationType — mechanical metadata only; no introduction prose in repository",Scholar: source a verified introduction from a named scholarly work with a verifiable citation; reviewer: approve the exact wording before any publication.,keep NOT_PUBLISHED until verified,NOT PUBLISHABLE WITHOUT SCHOLAR REVIEW
surah-65,/quran/65,At-Talaaq (Divorce) — 12 ayahs — Medinan,no verified scholarly introduction,"number, name (Arabic), englishName, englishNameTranslation, numberOfAyahs, revelationType — mechanical metadata only; no introduction prose in repository",Scholar: source a verified introduction from a named scholarly work with a verifiable citation; reviewer: approve the exact wording before any publication.,keep NOT_PUBLISHED until verified,NOT PUBLISHABLE WITHOUT SCHOLAR REVIEW
surah-66,/quran/66,At-Tahrim (The Prohibition) — 12 ayahs — Medinan,no verified scholarly introduction,"number, name (Arabic), englishName, englishNameTranslation, numberOfAyahs, revelationType — mechanical metadata only; no introduction prose in repository",Scholar: source a verified introduction from a named scholarly work with a verifiable citation; reviewer: approve the exact wording before any publication.,keep NOT_PUBLISHED until verified,NOT PUBLISHABLE WITHOUT SCHOLAR REVIEW
surah-67,/quran/67,Al-Mulk (The Sovereignty) — 30 ayahs — Meccan,no verified scholarly introduction,"number, name (Arabic), englishName, englishNameTranslation, numberOfAyahs, revelationType — mechanical metadata only; no introduction prose in repository",Scholar: source a verified introduction from a named scholarly work with a verifiable citation; reviewer: approve the exact wording before any publication.,keep NOT_PUBLISHED until verified,NOT PUBLISHABLE WITHOUT SCHOLAR REVIEW
surah-68,/quran/68,Al-Qalam (The Pen) — 52 ayahs — Meccan,no verified scholarly introduction,"number, name (Arabic), englishName, englishNameTranslation, numberOfAyahs, revelationType — mechanical metadata only; no introduction prose in repository",Scholar: source a verified introduction from a named scholarly work with a verifiable citation; reviewer: approve the exact wording before any publication.,keep NOT_PUBLISHED until verified,NOT PUBLISHABLE WITHOUT SCHOLAR REVIEW
surah-69,/quran/69,Al-Haaqqa (The Reality) — 52 ayahs — Meccan,no verified scholarly introduction,"number, name (Arabic), englishName, englishNameTranslation, numberOfAyahs, revelationType — mechanical metadata only; no introduction prose in repository",Scholar: source a verified introduction from a named scholarly work with a verifiable citation; reviewer: approve the exact wording before any publication.,keep NOT_PUBLISHED until verified,NOT PUBLISHABLE WITHOUT SCHOLAR REVIEW
surah-70,/quran/70,Al-Ma'aarij (The Ascending Stairways) — 44 ayahs — Meccan,no verified scholarly introduction,"number, name (Arabic), englishName, englishNameTranslation, numberOfAyahs, revelationType — mechanical metadata only; no introduction prose in repository",Scholar: source a verified introduction from a named scholarly work with a verifiable citation; reviewer: approve the exact wording before any publication.,keep NOT_PUBLISHED until verified,NOT PUBLISHABLE WITHOUT SCHOLAR REVIEW
surah-71,/quran/71,Nooh (Noah) — 28 ayahs — Meccan,no verified scholarly introduction,"number, name (Arabic), englishName, englishNameTranslation, numberOfAyahs, revelationType — mechanical metadata only; no introduction prose in repository",Scholar: source a verified introduction from a named scholarly work with a verifiable citation; reviewer: approve the exact wording before any publication.,keep NOT_PUBLISHED until verified,NOT PUBLISHABLE WITHOUT SCHOLAR REVIEW
surah-72,/quran/72,Al-Jinn (The Jinn) — 28 ayahs — Meccan,no verified scholarly introduction,"number, name (Arabic), englishName, englishNameTranslation, numberOfAyahs, revelationType — mechanical metadata only; no introduction prose in repository",Scholar: source a verified introduction from a named scholarly work with a verifiable citation; reviewer: approve the exact wording before any publication.,keep NOT_PUBLISHED until verified,NOT PUBLISHABLE WITHOUT SCHOLAR REVIEW
surah-73,/quran/73,Al-Muzzammil (The Enshrouded One) — 20 ayahs — Meccan,no verified scholarly introduction,"number, name (Arabic), englishName, englishNameTranslation, numberOfAyahs, revelationType — mechanical metadata only; no introduction prose in repository",Scholar: source a verified introduction from a named scholarly work with a verifiable citation; reviewer: approve the exact wording before any publication.,keep NOT_PUBLISHED until verified,NOT PUBLISHABLE WITHOUT SCHOLAR REVIEW
surah-74,/quran/74,Al-Muddaththir (The Cloaked One) — 56 ayahs — Meccan,no verified scholarly introduction,"number, name (Arabic), englishName, englishNameTranslation, numberOfAyahs, revelationType — mechanical metadata only; no introduction prose in repository",Scholar: source a verified introduction from a named scholarly work with a verifiable citation; reviewer: approve the exact wording before any publication.,keep NOT_PUBLISHED until verified,NOT PUBLISHABLE WITHOUT SCHOLAR REVIEW
surah-75,/quran/75,Al-Qiyaama (The Resurrection) — 40 ayahs — Meccan,no verified scholarly introduction,"number, name (Arabic), englishName, englishNameTranslation, numberOfAyahs, revelationType — mechanical metadata only; no introduction prose in repository",Scholar: source a verified introduction from a named scholarly work with a verifiable citation; reviewer: approve the exact wording before any publication.,keep NOT_PUBLISHED until verified,NOT PUBLISHABLE WITHOUT SCHOLAR REVIEW
surah-76,/quran/76,Al-Insaan (Man) — 31 ayahs — Medinan,no verified scholarly introduction,"number, name (Arabic), englishName, englishNameTranslation, numberOfAyahs, revelationType — mechanical metadata only; no introduction prose in repository",Scholar: source a verified introduction from a named scholarly work with a verifiable citation; reviewer: approve the exact wording before any publication.,keep NOT_PUBLISHED until verified,NOT PUBLISHABLE WITHOUT SCHOLAR REVIEW
surah-77,/quran/77,Al-Mursalaat (The Emissaries) — 50 ayahs — Meccan,no verified scholarly introduction,"number, name (Arabic), englishName, englishNameTranslation, numberOfAyahs, revelationType — mechanical metadata only; no introduction prose in repository",Scholar: source a verified introduction from a named scholarly work with a verifiable citation; reviewer: approve the exact wording before any publication.,keep NOT_PUBLISHED until verified,NOT PUBLISHABLE WITHOUT SCHOLAR REVIEW
surah-78,/quran/78,An-Naba (The Announcement) — 40 ayahs — Meccan,no verified scholarly introduction,"number, name (Arabic), englishName, englishNameTranslation, numberOfAyahs, revelationType — mechanical metadata only; no introduction prose in repository",Scholar: source a verified introduction from a named scholarly work with a verifiable citation; reviewer: approve the exact wording before any publication.,keep NOT_PUBLISHED until verified,NOT PUBLISHABLE WITHOUT SCHOLAR REVIEW
surah-79,/quran/79,An-Naazi'aat (Those who drag forth) — 46 ayahs — Meccan,no verified scholarly introduction,"number, name (Arabic), englishName, englishNameTranslation, numberOfAyahs, revelationType — mechanical metadata only; no introduction prose in repository",Scholar: source a verified introduction from a named scholarly work with a verifiable citation; reviewer: approve the exact wording before any publication.,keep NOT_PUBLISHED until verified,NOT PUBLISHABLE WITHOUT SCHOLAR REVIEW
surah-80,/quran/80,Abasa (He frowned) — 42 ayahs — Meccan,no verified scholarly introduction,"number, name (Arabic), englishName, englishNameTranslation, numberOfAyahs, revelationType — mechanical metadata only; no introduction prose in repository",Scholar: source a verified introduction from a named scholarly work with a verifiable citation; reviewer: approve the exact wording before any publication.,keep NOT_PUBLISHED until verified,NOT PUBLISHABLE WITHOUT SCHOLAR REVIEW
surah-81,/quran/81,At-Takwir (The Overthrowing) — 29 ayahs — Meccan,no verified scholarly introduction,"number, name (Arabic), englishName, englishNameTranslation, numberOfAyahs, revelationType — mechanical metadata only; no introduction prose in repository",Scholar: source a verified introduction from a named scholarly work with a verifiable citation; reviewer: approve the exact wording before any publication.,keep NOT_PUBLISHED until verified,NOT PUBLISHABLE WITHOUT SCHOLAR REVIEW
surah-82,/quran/82,Al-Infitaar (The Cleaving) — 19 ayahs — Meccan,no verified scholarly introduction,"number, name (Arabic), englishName, englishNameTranslation, numberOfAyahs, revelationType — mechanical metadata only; no introduction prose in repository",Scholar: source a verified introduction from a named scholarly work with a verifiable citation; reviewer: approve the exact wording before any publication.,keep NOT_PUBLISHED until verified,NOT PUBLISHABLE WITHOUT SCHOLAR REVIEW
surah-83,/quran/83,Al-Mutaffifin (Defrauding) — 36 ayahs — Meccan,no verified scholarly introduction,"number, name (Arabic), englishName, englishNameTranslation, numberOfAyahs, revelationType — mechanical metadata only; no introduction prose in repository",Scholar: source a verified introduction from a named scholarly work with a verifiable citation; reviewer: approve the exact wording before any publication.,keep NOT_PUBLISHED until verified,NOT PUBLISHABLE WITHOUT SCHOLAR REVIEW
surah-84,/quran/84,Al-Inshiqaaq (The Splitting Open) — 25 ayahs — Meccan,no verified scholarly introduction,"number, name (Arabic), englishName, englishNameTranslation, numberOfAyahs, revelationType — mechanical metadata only; no introduction prose in repository",Scholar: source a verified introduction from a named scholarly work with a verifiable citation; reviewer: approve the exact wording before any publication.,keep NOT_PUBLISHED until verified,NOT PUBLISHABLE WITHOUT SCHOLAR REVIEW
surah-85,/quran/85,Al-Burooj (The Constellations) — 22 ayahs — Meccan,no verified scholarly introduction,"number, name (Arabic), englishName, englishNameTranslation, numberOfAyahs, revelationType — mechanical metadata only; no introduction prose in repository",Scholar: source a verified introduction from a named scholarly work with a verifiable citation; reviewer: approve the exact wording before any publication.,keep NOT_PUBLISHED until verified,NOT PUBLISHABLE WITHOUT SCHOLAR REVIEW
surah-86,/quran/86,At-Taariq (The Morning Star) — 17 ayahs — Meccan,no verified scholarly introduction,"number, name (Arabic), englishName, englishNameTranslation, numberOfAyahs, revelationType — mechanical metadata only; no introduction prose in repository",Scholar: source a verified introduction from a named scholarly work with a verifiable citation; reviewer: approve the exact wording before any publication.,keep NOT_PUBLISHED until verified,NOT PUBLISHABLE WITHOUT SCHOLAR REVIEW
surah-87,/quran/87,Al-A'laa (The Most High) — 19 ayahs — Meccan,no verified scholarly introduction,"number, name (Arabic), englishName, englishNameTranslation, numberOfAyahs, revelationType — mechanical metadata only; no introduction prose in repository",Scholar: source a verified introduction from a named scholarly work with a verifiable citation; reviewer: approve the exact wording before any publication.,keep NOT_PUBLISHED until verified,NOT PUBLISHABLE WITHOUT SCHOLAR REVIEW
surah-88,/quran/88,Al-Ghaashiya (The Overwhelming) — 26 ayahs — Meccan,no verified scholarly introduction,"number, name (Arabic), englishName, englishNameTranslation, numberOfAyahs, revelationType — mechanical metadata only; no introduction prose in repository",Scholar: source a verified introduction from a named scholarly work with a verifiable citation; reviewer: approve the exact wording before any publication.,keep NOT_PUBLISHED until verified,NOT PUBLISHABLE WITHOUT SCHOLAR REVIEW
surah-89,/quran/89,Al-Fajr (The Dawn) — 30 ayahs — Meccan,no verified scholarly introduction,"number, name (Arabic), englishName, englishNameTranslation, numberOfAyahs, revelationType — mechanical metadata only; no introduction prose in repository",Scholar: source a verified introduction from a named scholarly work with a verifiable citation; reviewer: approve the exact wording before any publication.,keep NOT_PUBLISHED until verified,NOT PUBLISHABLE WITHOUT SCHOLAR REVIEW
surah-90,/quran/90,Al-Balad (The City) — 20 ayahs — Meccan,no verified scholarly introduction,"number, name (Arabic), englishName, englishNameTranslation, numberOfAyahs, revelationType — mechanical metadata only; no introduction prose in repository",Scholar: source a verified introduction from a named scholarly work with a verifiable citation; reviewer: approve the exact wording before any publication.,keep NOT_PUBLISHED until verified,NOT PUBLISHABLE WITHOUT SCHOLAR REVIEW
surah-91,/quran/91,Ash-Shams (The Sun) — 15 ayahs — Meccan,no verified scholarly introduction,"number, name (Arabic), englishName, englishNameTranslation, numberOfAyahs, revelationType — mechanical metadata only; no introduction prose in repository",Scholar: source a verified introduction from a named scholarly work with a verifiable citation; reviewer: approve the exact wording before any publication.,keep NOT_PUBLISHED until verified,NOT PUBLISHABLE WITHOUT SCHOLAR REVIEW
surah-92,/quran/92,Al-Lail (The Night) — 21 ayahs — Meccan,no verified scholarly introduction,"number, name (Arabic), englishName, englishNameTranslation, numberOfAyahs, revelationType — mechanical metadata only; no introduction prose in repository",Scholar: source a verified introduction from a named scholarly work with a verifiable citation; reviewer: approve the exact wording before any publication.,keep NOT_PUBLISHED until verified,NOT PUBLISHABLE WITHOUT SCHOLAR REVIEW
surah-93,/quran/93,Ad-Dhuhaa (The Morning Hours) — 11 ayahs — Meccan,no verified scholarly introduction,"number, name (Arabic), englishName, englishNameTranslation, numberOfAyahs, revelationType — mechanical metadata only; no introduction prose in repository",Scholar: source a verified introduction from a named scholarly work with a verifiable citation; reviewer: approve the exact wording before any publication.,keep NOT_PUBLISHED until verified,NOT PUBLISHABLE WITHOUT SCHOLAR REVIEW
surah-94,/quran/94,Ash-Sharh (The Consolation) — 8 ayahs — Meccan,no verified scholarly introduction,"number, name (Arabic), englishName, englishNameTranslation, numberOfAyahs, revelationType — mechanical metadata only; no introduction prose in repository",Scholar: source a verified introduction from a named scholarly work with a verifiable citation; reviewer: approve the exact wording before any publication.,keep NOT_PUBLISHED until verified,NOT PUBLISHABLE WITHOUT SCHOLAR REVIEW
surah-95,/quran/95,At-Tin (The Fig) — 8 ayahs — Meccan,no verified scholarly introduction,"number, name (Arabic), englishName, englishNameTranslation, numberOfAyahs, revelationType — mechanical metadata only; no introduction prose in repository",Scholar: source a verified introduction from a named scholarly work with a verifiable citation; reviewer: approve the exact wording before any publication.,keep NOT_PUBLISHED until verified,NOT PUBLISHABLE WITHOUT SCHOLAR REVIEW
surah-96,/quran/96,Al-Alaq (The Clot) — 19 ayahs — Meccan,no verified scholarly introduction,"number, name (Arabic), englishName, englishNameTranslation, numberOfAyahs, revelationType — mechanical metadata only; no introduction prose in repository",Scholar: source a verified introduction from a named scholarly work with a verifiable citation; reviewer: approve the exact wording before any publication.,keep NOT_PUBLISHED until verified,NOT PUBLISHABLE WITHOUT SCHOLAR REVIEW
surah-97,/quran/97,"Al-Qadr (The Power, Fate) — 5 ayahs — Meccan",no verified scholarly introduction,"number, name (Arabic), englishName, englishNameTranslation, numberOfAyahs, revelationType — mechanical metadata only; no introduction prose in repository",Scholar: source a verified introduction from a named scholarly work with a verifiable citation; reviewer: approve the exact wording before any publication.,keep NOT_PUBLISHED until verified,NOT PUBLISHABLE WITHOUT SCHOLAR REVIEW
surah-98,/quran/98,Al-Bayyina (The Evidence) — 8 ayahs — Medinan,no verified scholarly introduction,"number, name (Arabic), englishName, englishNameTranslation, numberOfAyahs, revelationType — mechanical metadata only; no introduction prose in repository",Scholar: source a verified introduction from a named scholarly work with a verifiable citation; reviewer: approve the exact wording before any publication.,keep NOT_PUBLISHED until verified,NOT PUBLISHABLE WITHOUT SCHOLAR REVIEW
surah-99,/quran/99,Az-Zalzala (The Earthquake) — 8 ayahs — Medinan,no verified scholarly introduction,"number, name (Arabic), englishName, englishNameTranslation, numberOfAyahs, revelationType — mechanical metadata only; no introduction prose in repository",Scholar: source a verified introduction from a named scholarly work with a verifiable citation; reviewer: approve the exact wording before any publication.,keep NOT_PUBLISHED until verified,NOT PUBLISHABLE WITHOUT SCHOLAR REVIEW
surah-100,/quran/100,Al-Aadiyaat (The Chargers) — 11 ayahs — Meccan,no verified scholarly introduction,"number, name (Arabic), englishName, englishNameTranslation, numberOfAyahs, revelationType — mechanical metadata only; no introduction prose in repository",Scholar: source a verified introduction from a named scholarly work with a verifiable citation; reviewer: approve the exact wording before any publication.,keep NOT_PUBLISHED until verified,NOT PUBLISHABLE WITHOUT SCHOLAR REVIEW
surah-101,/quran/101,Al-Qaari'a (The Calamity) — 11 ayahs — Meccan,no verified scholarly introduction,"number, name (Arabic), englishName, englishNameTranslation, numberOfAyahs, revelationType — mechanical metadata only; no introduction prose in repository",Scholar: source a verified introduction from a named scholarly work with a verifiable citation; reviewer: approve the exact wording before any publication.,keep NOT_PUBLISHED until verified,NOT PUBLISHABLE WITHOUT SCHOLAR REVIEW
surah-102,/quran/102,At-Takaathur (Competition) — 8 ayahs — Meccan,no verified scholarly introduction,"number, name (Arabic), englishName, englishNameTranslation, numberOfAyahs, revelationType — mechanical metadata only; no introduction prose in repository",Scholar: source a verified introduction from a named scholarly work with a verifiable citation; reviewer: approve the exact wording before any publication.,keep NOT_PUBLISHED until verified,NOT PUBLISHABLE WITHOUT SCHOLAR REVIEW
surah-103,/quran/103,"Al-Asr (The Declining Day, Epoch) — 3 ayahs — Meccan",no verified scholarly introduction,"number, name (Arabic), englishName, englishNameTranslation, numberOfAyahs, revelationType — mechanical metadata only; no introduction prose in repository",Scholar: source a verified introduction from a named scholarly work with a verifiable citation; reviewer: approve the exact wording before any publication.,keep NOT_PUBLISHED until verified,NOT PUBLISHABLE WITHOUT SCHOLAR REVIEW
surah-104,/quran/104,Al-Humaza (The Traducer) — 9 ayahs — Meccan,no verified scholarly introduction,"number, name (Arabic), englishName, englishNameTranslation, numberOfAyahs, revelationType — mechanical metadata only; no introduction prose in repository",Scholar: source a verified introduction from a named scholarly work with a verifiable citation; reviewer: approve the exact wording before any publication.,keep NOT_PUBLISHED until verified,NOT PUBLISHABLE WITHOUT SCHOLAR REVIEW
surah-105,/quran/105,Al-Fil (The Elephant) — 5 ayahs — Meccan,no verified scholarly introduction,"number, name (Arabic), englishName, englishNameTranslation, numberOfAyahs, revelationType — mechanical metadata only; no introduction prose in repository",Scholar: source a verified introduction from a named scholarly work with a verifiable citation; reviewer: approve the exact wording before any publication.,keep NOT_PUBLISHED until verified,NOT PUBLISHABLE WITHOUT SCHOLAR REVIEW
surah-106,/quran/106,Quraish (Quraysh) — 4 ayahs — Meccan,no verified scholarly introduction,"number, name (Arabic), englishName, englishNameTranslation, numberOfAyahs, revelationType — mechanical metadata only; no introduction prose in repository",Scholar: source a verified introduction from a named scholarly work with a verifiable citation; reviewer: approve the exact wording before any publication.,keep NOT_PUBLISHED until verified,NOT PUBLISHABLE WITHOUT SCHOLAR REVIEW
surah-107,/quran/107,Al-Maa'un (Almsgiving) — 7 ayahs — Meccan,no verified scholarly introduction,"number, name (Arabic), englishName, englishNameTranslation, numberOfAyahs, revelationType — mechanical metadata only; no introduction prose in repository",Scholar: source a verified introduction from a named scholarly work with a verifiable citation; reviewer: approve the exact wording before any publication.,keep NOT_PUBLISHED until verified,NOT PUBLISHABLE WITHOUT SCHOLAR REVIEW
surah-108,/quran/108,Al-Kawthar (Abundance) — 3 ayahs — Meccan,no verified scholarly introduction,"number, name (Arabic), englishName, englishNameTranslation, numberOfAyahs, revelationType — mechanical metadata only; no introduction prose in repository",Scholar: source a verified introduction from a named scholarly work with a verifiable citation; reviewer: approve the exact wording before any publication.,keep NOT_PUBLISHED until verified,NOT PUBLISHABLE WITHOUT SCHOLAR REVIEW
surah-109,/quran/109,Al-Kaafiroon (The Disbelievers) — 6 ayahs — Meccan,no verified scholarly introduction,"number, name (Arabic), englishName, englishNameTranslation, numberOfAyahs, revelationType — mechanical metadata only; no introduction prose in repository",Scholar: source a verified introduction from a named scholarly work with a verifiable citation; reviewer: approve the exact wording before any publication.,keep NOT_PUBLISHED until verified,NOT PUBLISHABLE WITHOUT SCHOLAR REVIEW
surah-110,/quran/110,An-Nasr (Divine Support) — 3 ayahs — Medinan,no verified scholarly introduction,"number, name (Arabic), englishName, englishNameTranslation, numberOfAyahs, revelationType — mechanical metadata only; no introduction prose in repository",Scholar: source a verified introduction from a named scholarly work with a verifiable citation; reviewer: approve the exact wording before any publication.,keep NOT_PUBLISHED until verified,NOT PUBLISHABLE WITHOUT SCHOLAR REVIEW
surah-111,/quran/111,Al-Masad (The Palm Fibre) — 5 ayahs — Meccan,no verified scholarly introduction,"number, name (Arabic), englishName, englishNameTranslation, numberOfAyahs, revelationType — mechanical metadata only; no introduction prose in repository",Scholar: source a verified introduction from a named scholarly work with a verifiable citation; reviewer: approve the exact wording before any publication.,keep NOT_PUBLISHED until verified,NOT PUBLISHABLE WITHOUT SCHOLAR REVIEW
surah-112,/quran/112,Al-Ikhlaas (Sincerity) — 4 ayahs — Meccan,no verified scholarly introduction,"number, name (Arabic), englishName, englishNameTranslation, numberOfAyahs, revelationType — mechanical metadata only; no introduction prose in repository",Scholar: source a verified introduction from a named scholarly work with a verifiable citation; reviewer: approve the exact wording before any publication.,keep NOT_PUBLISHED until verified,NOT PUBLISHABLE WITHOUT SCHOLAR REVIEW
surah-113,/quran/113,Al-Falaq (The Dawn) — 5 ayahs — Meccan,no verified scholarly introduction,"number, name (Arabic), englishName, englishNameTranslation, numberOfAyahs, revelationType — mechanical metadata only; no introduction prose in repository",Scholar: source a verified introduction from a named scholarly work with a verifiable citation; reviewer: approve the exact wording before any publication.,keep NOT_PUBLISHED until verified,NOT PUBLISHABLE WITHOUT SCHOLAR REVIEW
surah-114,/quran/114,An-Naas (Mankind) — 6 ayahs — Meccan,no verified scholarly introduction,"number, name (Arabic), englishName, englishNameTranslation, numberOfAyahs, revelationType — mechanical metadata only; no introduction prose in repository",Scholar: source a verified introduction from a named scholarly work with a verifiable citation; reviewer: approve the exact wording before any publication.,keep NOT_PUBLISHED until verified,NOT PUBLISHABLE WITHOUT SCHOLAR REVIEW
chapter-1,/hadith/sahih-bukhari/english/chapter-1 | /hadith/sahih-bukhari/bangla/chapter-1 | /hadith/sahih-bukhari/urdu/chapter-1,Revelation / ওহী — 7 hadiths,no verified scholarly introduction,"chapter_number, title, title_bn, title_ar, hadith_count — mechanical metadata only; no introduction prose in repository or hadith JSONs",Scholar: source a verified introduction from a named scholarly work with a verifiable citation; reviewer: approve the exact wording before any publication.,keep NOT_PUBLISHED until verified,NOT PUBLISHABLE WITHOUT SCHOLAR REVIEW
chapter-2,/hadith/sahih-bukhari/english/chapter-2 | /hadith/sahih-bukhari/bangla/chapter-2 | /hadith/sahih-bukhari/urdu/chapter-2,Belief / ঈমান — 51 hadiths,no verified scholarly introduction,"chapter_number, title, title_bn, title_ar, hadith_count — mechanical metadata only; no introduction prose in repository or hadith JSONs",Scholar: source a verified introduction from a named scholarly work with a verifiable citation; reviewer: approve the exact wording before any publication.,keep NOT_PUBLISHED until verified,NOT PUBLISHABLE WITHOUT SCHOLAR REVIEW
chapter-3,/hadith/sahih-bukhari/english/chapter-3 | /hadith/sahih-bukhari/bangla/chapter-3 | /hadith/sahih-bukhari/urdu/chapter-3,Knowledge / ইলম — 76 hadiths,no verified scholarly introduction,"chapter_number, title, title_bn, title_ar, hadith_count — mechanical metadata only; no introduction prose in repository or hadith JSONs",Scholar: source a verified introduction from a named scholarly work with a verifiable citation; reviewer: approve the exact wording before any publication.,keep NOT_PUBLISHED until verified,NOT PUBLISHABLE WITHOUT SCHOLAR REVIEW
chapter-4,/hadith/sahih-bukhari/english/chapter-4 | /hadith/sahih-bukhari/bangla/chapter-4 | /hadith/sahih-bukhari/urdu/chapter-4,Ablution (Wudu) / ওযু — 111 hadiths,no verified scholarly introduction,"chapter_number, title, title_bn, title_ar, hadith_count — mechanical metadata only; no introduction prose in repository or hadith JSONs",Scholar: source a verified introduction from a named scholarly work with a verifiable citation; reviewer: approve the exact wording before any publication.,keep NOT_PUBLISHED until verified,NOT PUBLISHABLE WITHOUT SCHOLAR REVIEW
chapter-5,/hadith/sahih-bukhari/english/chapter-5 | /hadith/sahih-bukhari/bangla/chapter-5 | /hadith/sahih-bukhari/urdu/chapter-5,Bathing (Ghusl) / গোসল — 46 hadiths,no verified scholarly introduction,"chapter_number, title, title_bn, title_ar, hadith_count — mechanical metadata only; no introduction prose in repository or hadith JSONs",Scholar: source a verified introduction from a named scholarly work with a verifiable citation; reviewer: approve the exact wording before any publication.,keep NOT_PUBLISHED until verified,NOT PUBLISHABLE WITHOUT SCHOLAR REVIEW
chapter-6,/hadith/sahih-bukhari/english/chapter-6 | /hadith/sahih-bukhari/bangla/chapter-6 | /hadith/sahih-bukhari/urdu/chapter-6,Menstruation / হায়েয — 37 hadiths,no verified scholarly introduction,"chapter_number, title, title_bn, title_ar, hadith_count — mechanical metadata only; no introduction prose in repository or hadith JSONs",Scholar: source a verified introduction from a named scholarly work with a verifiable citation; reviewer: approve the exact wording before any publication.,keep NOT_PUBLISHED until verified,NOT PUBLISHABLE WITHOUT SCHOLAR REVIEW
chapter-7,/hadith/sahih-bukhari/english/chapter-7 | /hadith/sahih-bukhari/bangla/chapter-7 | /hadith/sahih-bukhari/urdu/chapter-7,Tayammum / তায়াম্মুম — 15 hadiths,no verified scholarly introduction,"chapter_number, title, title_bn, title_ar, hadith_count — mechanical metadata only; no introduction prose in repository or hadith JSONs",Scholar: source a verified introduction from a named scholarly work with a verifiable citation; reviewer: approve the exact wording before any publication.,keep NOT_PUBLISHED until verified,NOT PUBLISHABLE WITHOUT SCHOLAR REVIEW
chapter-8,/hadith/sahih-bukhari/english/chapter-8 | /hadith/sahih-bukhari/bangla/chapter-8 | /hadith/sahih-bukhari/urdu/chapter-8,Prayers (Salat) / নামাজ — 166 hadiths,no verified scholarly introduction,"chapter_number, title, title_bn, title_ar, hadith_count — mechanical metadata only; no introduction prose in repository or hadith JSONs",Scholar: source a verified introduction from a named scholarly work with a verifiable citation; reviewer: approve the exact wording before any publication.,keep NOT_PUBLISHED until verified,NOT PUBLISHABLE WITHOUT SCHOLAR REVIEW
chapter-9,/hadith/sahih-bukhari/english/chapter-9 | /hadith/sahih-bukhari/bangla/chapter-9 | /hadith/sahih-bukhari/urdu/chapter-9,Prayer Times / নামাজের সময় — 77 hadiths,no verified scholarly introduction,"chapter_number, title, title_bn, title_ar, hadith_count — mechanical metadata only; no introduction prose in repository or hadith JSONs",Scholar: source a verified introduction from a named scholarly work with a verifiable citation; reviewer: approve the exact wording before any publication.,keep NOT_PUBLISHED until verified,NOT PUBLISHABLE WITHOUT SCHOLAR REVIEW
chapter-10,/hadith/sahih-bukhari/english/chapter-10 | /hadith/sahih-bukhari/bangla/chapter-10 | /hadith/sahih-bukhari/urdu/chapter-10,Friday Prayer / জুমার নামাজ — 263 hadiths,no verified scholarly introduction,"chapter_number, title, title_bn, title_ar, hadith_count — mechanical metadata only; no introduction prose in repository or hadith JSONs",Scholar: source a verified introduction from a named scholarly work with a verifiable citation; reviewer: approve the exact wording before any publication.,keep NOT_PUBLISHED until verified,NOT PUBLISHABLE WITHOUT SCHOLAR REVIEW
chapter-11,/hadith/sahih-bukhari/english/chapter-11 | /hadith/sahih-bukhari/bangla/chapter-11 | /hadith/sahih-bukhari/urdu/chapter-11,Fear Prayer / ভয়ের নামাজ — 65 hadiths,no verified scholarly introduction,"chapter_number, title, title_bn, title_ar, hadith_count — mechanical metadata only; no introduction prose in repository or hadith JSONs",Scholar: source a verified introduction from a named scholarly work with a verifiable citation; reviewer: approve the exact wording before any publication.,keep NOT_PUBLISHED until verified,NOT PUBLISHABLE WITHOUT SCHOLAR REVIEW
chapter-12,/hadith/sahih-bukhari/english/chapter-12 | /hadith/sahih-bukhari/bangla/chapter-12 | /hadith/sahih-bukhari/urdu/chapter-12,Shortening Prayer / নামাজ সংক্ষিপ্ত করা — 6 hadiths,no verified scholarly introduction,"chapter_number, title, title_bn, title_ar, hadith_count — mechanical metadata only; no introduction prose in repository or hadith JSONs",Scholar: source a verified introduction from a named scholarly work with a verifiable citation; reviewer: approve the exact wording before any publication.,keep NOT_PUBLISHED until verified,NOT PUBLISHABLE WITHOUT SCHOLAR REVIEW
chapter-13,/hadith/sahih-bukhari/english/chapter-13 | /hadith/sahih-bukhari/bangla/chapter-13 | /hadith/sahih-bukhari/urdu/chapter-13,Supererogatory Prayer / নফল নামাজ — 37 hadiths,no verified scholarly introduction,"chapter_number, title, title_bn, title_ar, hadith_count — mechanical metadata only; no introduction prose in repository or hadith JSONs",Scholar: source a verified introduction from a named scholarly work with a verifiable citation; reviewer: approve the exact wording before any publication.,keep NOT_PUBLISHED until verified,NOT PUBLISHABLE WITHOUT SCHOLAR REVIEW
chapter-14,/hadith/sahih-bukhari/english/chapter-14 | /hadith/sahih-bukhari/bangla/chapter-14 | /hadith/sahih-bukhari/urdu/chapter-14,Witr Prayer / বিতর নামাজ — 15 hadiths,no verified scholarly introduction,"chapter_number, title, title_bn, title_ar, hadith_count — mechanical metadata only; no introduction prose in repository or hadith JSONs",Scholar: source a verified introduction from a named scholarly work with a verifiable citation; reviewer: approve the exact wording before any publication.,keep NOT_PUBLISHED until verified,NOT PUBLISHABLE WITHOUT SCHOLAR REVIEW
chapter-15,/hadith/sahih-bukhari/english/chapter-15 | /hadith/sahih-bukhari/bangla/chapter-15 | /hadith/sahih-bukhari/urdu/chapter-15,Night Prayer / তাহাজ্জুদ নামাজ — 34 hadiths,no verified scholarly introduction,"chapter_number, title, title_bn, title_ar, hadith_count — mechanical metadata only; no introduction prose in repository or hadith JSONs",Scholar: source a verified introduction from a named scholarly work with a verifiable citation; reviewer: approve the exact wording before any publication.,keep NOT_PUBLISHED until verified,NOT PUBLISHABLE WITHOUT SCHOLAR REVIEW
chapter-16,/hadith/sahih-bukhari/english/chapter-16 | /hadith/sahih-bukhari/bangla/chapter-16 | /hadith/sahih-bukhari/urdu/chapter-16,Prayer in General / নামাজ সম্পর্কে সাধারণ — 24 hadiths,no verified scholarly introduction,"chapter_number, title, title_bn, title_ar, hadith_count — mechanical metadata only; no introduction prose in repository or hadith JSONs",Scholar: source a verified introduction from a named scholarly work with a verifiable citation; reviewer: approve the exact wording before any publication.,keep NOT_PUBLISHED until verified,NOT PUBLISHABLE WITHOUT SCHOLAR REVIEW
chapter-17,/hadith/sahih-bukhari/english/chapter-17 | /hadith/sahih-bukhari/bangla/chapter-17 | /hadith/sahih-bukhari/urdu/chapter-17,Prostration / সিজদা — 13 hadiths,no verified scholarly introduction,"chapter_number, title, title_bn, title_ar, hadith_count — mechanical metadata only; no introduction prose in repository or hadith JSONs",Scholar: source a verified introduction from a named scholarly work with a verifiable citation; reviewer: approve the exact wording before any publication.,keep NOT_PUBLISHED until verified,NOT PUBLISHABLE WITHOUT SCHOLAR REVIEW
chapter-18,/hadith/sahih-bukhari/english/chapter-18 | /hadith/sahih-bukhari/bangla/chapter-18 | /hadith/sahih-bukhari/urdu/chapter-18,Recitation in Prayer / নামাজে কুরআন পাঠ — 39 hadiths,no verified scholarly introduction,"chapter_number, title, title_bn, title_ar, hadith_count — mechanical metadata only; no introduction prose in repository or hadith JSONs",Scholar: source a verified introduction from a named scholarly work with a verifiable citation; reviewer: approve the exact wording before any publication.,keep NOT_PUBLISHED until verified,NOT PUBLISHABLE WITHOUT SCHOLAR REVIEW
chapter-19,/hadith/sahih-bukhari/english/chapter-19 | /hadith/sahih-bukhari/bangla/chapter-19 | /hadith/sahih-bukhari/urdu/chapter-19,Imam / ইমাম — 62 hadiths,no verified scholarly introduction,"chapter_number, title, title_bn, title_ar, hadith_count — mechanical metadata only; no introduction prose in repository or hadith JSONs",Scholar: source a verified introduction from a named scholarly work with a verifiable citation; reviewer: approve the exact wording before any publication.,keep NOT_PUBLISHED until verified,NOT PUBLISHABLE WITHOUT SCHOLAR REVIEW
chapter-20,/hadith/sahih-bukhari/english/chapter-20 | /hadith/sahih-bukhari/bangla/chapter-20 | /hadith/sahih-bukhari/urdu/chapter-20,Congregation / জামাত — 9 hadiths,no verified scholarly introduction,"chapter_number, title, title_bn, title_ar, hadith_count — mechanical metadata only; no introduction prose in repository or hadith JSONs",Scholar: source a verified introduction from a named scholarly work with a verifiable citation; reviewer: approve the exact wording before any publication.,keep NOT_PUBLISHED until verified,NOT PUBLISHABLE WITHOUT SCHOLAR REVIEW
chapter-21,/hadith/sahih-bukhari/english/chapter-21 | /hadith/sahih-bukhari/bangla/chapter-21 | /hadith/sahih-bukhari/urdu/chapter-21,Iqama / ইকামত — 26 hadiths,no verified scholarly introduction,"chapter_number, title, title_bn, title_ar, hadith_count — mechanical metadata only; no introduction prose in repository or hadith JSONs",Scholar: source a verified introduction from a named scholarly work with a verifiable citation; reviewer: approve the exact wording before any publication.,keep NOT_PUBLISHED until verified,NOT PUBLISHABLE WITHOUT SCHOLAR REVIEW
chapter-22,/hadith/sahih-bukhari/english/chapter-22 | /hadith/sahih-bukhari/bangla/chapter-22 | /hadith/sahih-bukhari/urdu/chapter-22,Funerals / জানাজা — 13 hadiths,no verified scholarly introduction,"chapter_number, title, title_bn, title_ar, hadith_count — mechanical metadata only; no introduction prose in repository or hadith JSONs",Scholar: source a verified introduction from a named scholarly work with a verifiable citation; reviewer: approve the exact wording before any publication.,keep NOT_PUBLISHED until verified,NOT PUBLISHABLE WITHOUT SCHOLAR REVIEW
chapter-23,/hadith/sahih-bukhari/english/chapter-23 | /hadith/sahih-bukhari/bangla/chapter-23 | /hadith/sahih-bukhari/urdu/chapter-23,Zakat / যাকাত — 145 hadiths,no verified scholarly introduction,"chapter_number, title, title_bn, title_ar, hadith_count — mechanical metadata only; no introduction prose in repository or hadith JSONs",Scholar: source a verified introduction from a named scholarly work with a verifiable citation; reviewer: approve the exact wording before any publication.,keep NOT_PUBLISHED until verified,NOT PUBLISHABLE WITHOUT SCHOLAR REVIEW
chapter-24,/hadith/sahih-bukhari/english/chapter-24 | /hadith/sahih-bukhari/bangla/chapter-24 | /hadith/sahih-bukhari/urdu/chapter-24,Fasting / রোজা — 112 hadiths,no verified scholarly introduction,"chapter_number, title, title_bn, title_ar, hadith_count — mechanical metadata only; no introduction prose in repository or hadith JSONs",Scholar: source a verified introduction from a named scholarly work with a verifiable citation; reviewer: approve the exact wording before any publication.,keep NOT_PUBLISHED until verified,NOT PUBLISHABLE WITHOUT SCHOLAR REVIEW
chapter-25,/hadith/sahih-bukhari/english/chapter-25 | /hadith/sahih-bukhari/bangla/chapter-25 | /hadith/sahih-bukhari/urdu/chapter-25,Hajj / হজ — 247 hadiths,no verified scholarly introduction,"chapter_number, title, title_bn, title_ar, hadith_count — mechanical metadata only; no introduction prose in repository or hadith JSONs",Scholar: source a verified introduction from a named scholarly work with a verifiable citation; reviewer: approve the exact wording before any publication.,keep NOT_PUBLISHED until verified,NOT PUBLISHABLE WITHOUT SCHOLAR REVIEW
chapter-26,/hadith/sahih-bukhari/english/chapter-26 | /hadith/sahih-bukhari/bangla/chapter-26 | /hadith/sahih-bukhari/urdu/chapter-26,Umrah / ওমরা — 30 hadiths,no verified scholarly introduction,"chapter_number, title, title_bn, title_ar, hadith_count — mechanical metadata only; no introduction prose in repository or hadith JSONs",Scholar: source a verified introduction from a named scholarly work with a verifiable citation; reviewer: approve the exact wording before any publication.,keep NOT_PUBLISHED until verified,NOT PUBLISHABLE WITHOUT SCHOLAR REVIEW
chapter-27,/hadith/sahih-bukhari/english/chapter-27 | /hadith/sahih-bukhari/bangla/chapter-27 | /hadith/sahih-bukhari/urdu/chapter-27,Selling / বিক্রয় — 15 hadiths,no verified scholarly introduction,"chapter_number, title, title_bn, title_ar, hadith_count — mechanical metadata only; no introduction prose in repository or hadith JSONs",Scholar: source a verified introduction from a named scholarly work with a verifiable citation; reviewer: approve the exact wording before any publication.,keep NOT_PUBLISHED until verified,NOT PUBLISHABLE WITHOUT SCHOLAR REVIEW
chapter-28,/hadith/sahih-bukhari/english/chapter-28 | /hadith/sahih-bukhari/bangla/chapter-28 | /hadith/sahih-bukhari/urdu/chapter-28,Buying and Selling / ক্রয় বিক্রয় — 46 hadiths,no verified scholarly introduction,"chapter_number, title, title_bn, title_ar, hadith_count — mechanical metadata only; no introduction prose in repository or hadith JSONs",Scholar: source a verified introduction from a named scholarly work with a verifiable citation; reviewer: approve the exact wording before any publication.,keep NOT_PUBLISHED until verified,NOT PUBLISHABLE WITHOUT SCHOLAR REVIEW
chapter-29,/hadith/sahih-bukhari/english/chapter-29 | /hadith/sahih-bukhari/bangla/chapter-29 | /hadith/sahih-bukhari/urdu/chapter-29,Wages / মজুরি — 24 hadiths,no verified scholarly introduction,"chapter_number, title, title_bn, title_ar, hadith_count — mechanical metadata only; no introduction prose in repository or hadith JSONs",Scholar: source a verified introduction from a named scholarly work with a verifiable citation; reviewer: approve the exact wording before any publication.,keep NOT_PUBLISHED until verified,NOT PUBLISHABLE WITHOUT SCHOLAR REVIEW
chapter-30,/hadith/sahih-bukhari/english/chapter-30 | /hadith/sahih-bukhari/bangla/chapter-30 | /hadith/sahih-bukhari/urdu/chapter-30,Loans / ঋণ — 111 hadiths,no verified scholarly introduction,"chapter_number, title, title_bn, title_ar, hadith_count — mechanical metadata only; no introduction prose in repository or hadith JSONs",Scholar: source a verified introduction from a named scholarly work with a verifiable citation; reviewer: approve the exact wording before any publication.,keep NOT_PUBLISHED until verified,NOT PUBLISHABLE WITHOUT SCHOLAR REVIEW
chapter-31,/hadith/sahih-bukhari/english/chapter-31 | /hadith/sahih-bukhari/bangla/chapter-31 | /hadith/sahih-bukhari/urdu/chapter-31,Mortgage / বন্ধক — 6 hadiths,no verified scholarly introduction,"chapter_number, title, title_bn, title_ar, hadith_count — mechanical metadata only; no introduction prose in repository or hadith JSONs",Scholar: source a verified introduction from a named scholarly work with a verifiable citation; reviewer: approve the exact wording before any publication.,keep NOT_PUBLISHED until verified,NOT PUBLISHABLE WITHOUT SCHOLAR REVIEW
chapter-32,/hadith/sahih-bukhari/english/chapter-32 | /hadith/sahih-bukhari/bangla/chapter-32 | /hadith/sahih-bukhari/urdu/chapter-32,Gifts / উপহার — 11 hadiths,no verified scholarly introduction,"chapter_number, title, title_bn, title_ar, hadith_count — mechanical metadata only; no introduction prose in repository or hadith JSONs",Scholar: source a verified introduction from a named scholarly work with a verifiable citation; reviewer: approve the exact wording before any publication.,keep NOT_PUBLISHED until verified,NOT PUBLISHABLE WITHOUT SCHOLAR REVIEW
chapter-33,/hadith/sahih-bukhari/english/chapter-33 | /hadith/sahih-bukhari/bangla/chapter-33 | /hadith/sahih-bukhari/urdu/chapter-33,Wills / উসিয়ত — 21 hadiths,no verified scholarly introduction,"chapter_number, title, title_bn, title_ar, hadith_count — mechanical metadata only; no introduction prose in repository or hadith JSONs",Scholar: source a verified introduction from a named scholarly work with a verifiable citation; reviewer: approve the exact wording before any publication.,keep NOT_PUBLISHED until verified,NOT PUBLISHABLE WITHOUT SCHOLAR REVIEW
chapter-34,/hadith/sahih-bukhari/english/chapter-34 | /hadith/sahih-bukhari/bangla/chapter-34 | /hadith/sahih-bukhari/urdu/chapter-34,Inheritance / মিরাস — 182 hadiths,no verified scholarly introduction,"chapter_number, title, title_bn, title_ar, hadith_count — mechanical metadata only; no introduction prose in repository or hadith JSONs",Scholar: source a verified introduction from a named scholarly work with a verifiable citation; reviewer: approve the exact wording before any publication.,keep NOT_PUBLISHED until verified,NOT PUBLISHABLE WITHOUT SCHOLAR REVIEW
chapter-35,/hadith/sahih-bukhari/english/chapter-35 | /hadith/sahih-bukhari/bangla/chapter-35 | /hadith/sahih-bukhari/urdu/chapter-35,Jihad / জিহাদ — 13 hadiths,no verified scholarly introduction,"chapter_number, title, title_bn, title_ar, hadith_count — mechanical metadata only; no introduction prose in repository or hadith JSONs",Scholar: source a verified introduction from a named scholarly work with a verifiable citation; reviewer: approve the exact wording before any publication.,keep NOT_PUBLISHED until verified,NOT PUBLISHABLE WITHOUT SCHOLAR REVIEW
chapter-36,/hadith/sahih-bukhari/english/chapter-36 | /hadith/sahih-bukhari/bangla/chapter-36 | /hadith/sahih-bukhari/urdu/chapter-36,Beginning of Creation / সৃষ্টির শুরু — 3 hadiths,no verified scholarly introduction,"chapter_number, title, title_bn, title_ar, hadith_count — mechanical metadata only; no introduction prose in repository or hadith JSONs",Scholar: source a verified introduction from a named scholarly work with a verifiable citation; reviewer: approve the exact wording before any publication.,keep NOT_PUBLISHED until verified,NOT PUBLISHABLE WITHOUT SCHOLAR REVIEW
chapter-37,/hadith/sahih-bukhari/english/chapter-37 | /hadith/sahih-bukhari/bangla/chapter-37 | /hadith/sahih-bukhari/urdu/chapter-37,Prophets / নবী — 25 hadiths,no verified scholarly introduction,"chapter_number, title, title_bn, title_ar, hadith_count — mechanical metadata only; no introduction prose in repository or hadith JSONs",Scholar: source a verified introduction from a named scholarly work with a verifiable citation; reviewer: approve the exact wording before any publication.,keep NOT_PUBLISHED until verified,NOT PUBLISHABLE WITHOUT SCHOLAR REVIEW
chapter-38,/hadith/sahih-bukhari/english/chapter-38 | /hadith/sahih-bukhari/bangla/chapter-38 | /hadith/sahih-bukhari/urdu/chapter-38,Virtues of the Qur'an / কুরআনের ফযীলত — 3 hadiths,no verified scholarly introduction,"chapter_number, title, title_bn, title_ar, hadith_count — mechanical metadata only; no introduction prose in repository or hadith JSONs",Scholar: source a verified introduction from a named scholarly work with a verifiable citation; reviewer: approve the exact wording before any publication.,keep NOT_PUBLISHED until verified,NOT PUBLISHABLE WITHOUT SCHOLAR REVIEW
chapter-39,/hadith/sahih-bukhari/english/chapter-39 | /hadith/sahih-bukhari/bangla/chapter-39 | /hadith/sahih-bukhari/urdu/chapter-39,Merits of the Ansar / আনসারদের ফযীলত — 9 hadiths,no verified scholarly introduction,"chapter_number, title, title_bn, title_ar, hadith_count — mechanical metadata only; no introduction prose in repository or hadith JSONs",Scholar: source a verified introduction from a named scholarly work with a verifiable citation; reviewer: approve the exact wording before any publication.,keep NOT_PUBLISHED until verified,NOT PUBLISHABLE WITHOUT SCHOLAR REVIEW
chapter-40,/hadith/sahih-bukhari/english/chapter-40 | /hadith/sahih-bukhari/bangla/chapter-40 | /hadith/sahih-bukhari/urdu/chapter-40,Military Expeditions / গাজওয়া — 18 hadiths,no verified scholarly introduction,"chapter_number, title, title_bn, title_ar, hadith_count — mechanical metadata only; no introduction prose in repository or hadith JSONs",Scholar: source a verified introduction from a named scholarly work with a verifiable citation; reviewer: approve the exact wording before any publication.,keep NOT_PUBLISHED until verified,NOT PUBLISHABLE WITHOUT SCHOLAR REVIEW
chapter-41,/hadith/sahih-bukhari/english/chapter-41 | /hadith/sahih-bukhari/bangla/chapter-41 | /hadith/sahih-bukhari/urdu/chapter-41,Conditions / শর্ত — 28 hadiths,no verified scholarly introduction,"chapter_number, title, title_bn, title_ar, hadith_count — mechanical metadata only; no introduction prose in repository or hadith JSONs",Scholar: source a verified introduction from a named scholarly work with a verifiable citation; reviewer: approve the exact wording before any publication.,keep NOT_PUBLISHED until verified,NOT PUBLISHABLE WITHOUT SCHOLAR REVIEW
chapter-42,/hadith/sahih-bukhari/english/chapter-42 | /hadith/sahih-bukhari/bangla/chapter-42 | /hadith/sahih-bukhari/urdu/chapter-42,Oaths and Vows / কসম ও মান্নত — 31 hadiths,no verified scholarly introduction,"chapter_number, title, title_bn, title_ar, hadith_count — mechanical metadata only; no introduction prose in repository or hadith JSONs",Scholar: source a verified introduction from a named scholarly work with a verifiable citation; reviewer: approve the exact wording before any publication.,keep NOT_PUBLISHED until verified,NOT PUBLISHABLE WITHOUT SCHOLAR REVIEW
chapter-43,/hadith/sahih-bukhari/english/chapter-43 | /hadith/sahih-bukhari/bangla/chapter-43 | /hadith/sahih-bukhari/urdu/chapter-43,Penalties / দন্ড — 24 hadiths,no verified scholarly introduction,"chapter_number, title, title_bn, title_ar, hadith_count — mechanical metadata only; no introduction prose in repository or hadith JSONs",Scholar: source a verified introduction from a named scholarly work with a verifiable citation; reviewer: approve the exact wording before any publication.,keep NOT_PUBLISHED until verified,NOT PUBLISHABLE WITHOUT SCHOLAR REVIEW
chapter-44,/hadith/sahih-bukhari/english/chapter-44 | /hadith/sahih-bukhari/bangla/chapter-44 | /hadith/sahih-bukhari/urdu/chapter-44,Hunting / শিকার — 15 hadiths,no verified scholarly introduction,"chapter_number, title, title_bn, title_ar, hadith_count — mechanical metadata only; no introduction prose in repository or hadith JSONs",Scholar: source a verified introduction from a named scholarly work with a verifiable citation; reviewer: approve the exact wording before any publication.,keep NOT_PUBLISHED until verified,NOT PUBLISHABLE WITHOUT SCHOLAR REVIEW
chapter-45,/hadith/sahih-bukhari/english/chapter-45 | /hadith/sahih-bukhari/bangla/chapter-45 | /hadith/sahih-bukhari/urdu/chapter-45,Slaughtering / যবেহ — 14 hadiths,no verified scholarly introduction,"chapter_number, title, title_bn, title_ar, hadith_count — mechanical metadata only; no introduction prose in repository or hadith JSONs",Scholar: source a verified introduction from a named scholarly work with a verifiable citation; reviewer: approve the exact wording before any publication.,keep NOT_PUBLISHED until verified,NOT PUBLISHABLE WITHOUT SCHOLAR REVIEW
chapter-46,/hadith/sahih-bukhari/english/chapter-46 | /hadith/sahih-bukhari/bangla/chapter-46 | /hadith/sahih-bukhari/urdu/chapter-46,Food / খাবার — 43 hadiths,no verified scholarly introduction,"chapter_number, title, title_bn, title_ar, hadith_count — mechanical metadata only; no introduction prose in repository or hadith JSONs",Scholar: source a verified introduction from a named scholarly work with a verifiable citation; reviewer: approve the exact wording before any publication.,keep NOT_PUBLISHED until verified,NOT PUBLISHABLE WITHOUT SCHOLAR REVIEW
chapter-47,/hadith/sahih-bukhari/english/chapter-47 | /hadith/sahih-bukhari/bangla/chapter-47 | /hadith/sahih-bukhari/urdu/chapter-47,Drinks / পানীয় — 22 hadiths,no verified scholarly introduction,"chapter_number, title, title_bn, title_ar, hadith_count — mechanical metadata only; no introduction prose in repository or hadith JSONs",Scholar: source a verified introduction from a named scholarly work with a verifiable citation; reviewer: approve the exact wording before any publication.,keep NOT_PUBLISHED until verified,NOT PUBLISHABLE WITHOUT SCHOLAR REVIEW
chapter-48,/hadith/sahih-bukhari/english/chapter-48 | /hadith/sahih-bukhari/bangla/chapter-48 | /hadith/sahih-bukhari/urdu/chapter-48,Medicine / চিকিৎসা — 8 hadiths,no verified scholarly introduction,"chapter_number, title, title_bn, title_ar, hadith_count — mechanical metadata only; no introduction prose in repository or hadith JSONs",Scholar: source a verified introduction from a named scholarly work with a verifiable citation; reviewer: approve the exact wording before any publication.,keep NOT_PUBLISHED until verified,NOT PUBLISHABLE WITHOUT SCHOLAR REVIEW
chapter-49,/hadith/sahih-bukhari/english/chapter-49 | /hadith/sahih-bukhari/bangla/chapter-49 | /hadith/sahih-bukhari/urdu/chapter-49,Dress / পোশাক — 41 hadiths,no verified scholarly introduction,"chapter_number, title, title_bn, title_ar, hadith_count — mechanical metadata only; no introduction prose in repository or hadith JSONs",Scholar: source a verified introduction from a named scholarly work with a verifiable citation; reviewer: approve the exact wording before any publication.,keep NOT_PUBLISHED until verified,NOT PUBLISHABLE WITHOUT SCHOLAR REVIEW
chapter-50,/hadith/sahih-bukhari/english/chapter-50 | /hadith/sahih-bukhari/bangla/chapter-50 | /hadith/sahih-bukhari/urdu/chapter-50,Adornment / সৌন্দর্য — 6 hadiths,no verified scholarly introduction,"chapter_number, title, title_bn, title_ar, hadith_count — mechanical metadata only; no introduction prose in repository or hadith JSONs",Scholar: source a verified introduction from a named scholarly work with a verifiable citation; reviewer: approve the exact wording before any publication.,keep NOT_PUBLISHED until verified,NOT PUBLISHABLE WITHOUT SCHOLAR REVIEW
chapter-51,/hadith/sahih-bukhari/english/chapter-51 | /hadith/sahih-bukhari/bangla/chapter-51 | /hadith/sahih-bukhari/urdu/chapter-51,Asking Permission / অনুমতি চাওয়া — 68 hadiths,no verified scholarly introduction,"chapter_number, title, title_bn, title_ar, hadith_count — mechanical metadata only; no introduction prose in repository or hadith JSONs",Scholar: source a verified introduction from a named scholarly work with a verifiable citation; reviewer: approve the exact wording before any publication.,keep NOT_PUBLISHED until verified,NOT PUBLISHABLE WITHOUT SCHOLAR REVIEW
chapter-52,/hadith/sahih-bukhari/english/chapter-52 | /hadith/sahih-bukhari/bangla/chapter-52 | /hadith/sahih-bukhari/urdu/chapter-52,Greetings / সালাম — 50 hadiths,no verified scholarly introduction,"chapter_number, title, title_bn, title_ar, hadith_count — mechanical metadata only; no introduction prose in repository or hadith JSONs",Scholar: source a verified introduction from a named scholarly work with a verifiable citation; reviewer: approve the exact wording before any publication.,keep NOT_PUBLISHED until verified,NOT PUBLISHABLE WITHOUT SCHOLAR REVIEW
chapter-53,/hadith/sahih-bukhari/english/chapter-53 | /hadith/sahih-bukhari/bangla/chapter-53 | /hadith/sahih-bukhari/urdu/chapter-53,Invocations / দোয়া — 20 hadiths,no verified scholarly introduction,"chapter_number, title, title_bn, title_ar, hadith_count — mechanical metadata only; no introduction prose in repository or hadith JSONs",Scholar: source a verified introduction from a named scholarly work with a verifiable citation; reviewer: approve the exact wording before any publication.,keep NOT_PUBLISHED until verified,NOT PUBLISHABLE WITHOUT SCHOLAR REVIEW
chapter-54,/hadith/sahih-bukhari/english/chapter-54 | /hadith/sahih-bukhari/bangla/chapter-54 | /hadith/sahih-bukhari/urdu/chapter-54,Oaths / কসম — 24 hadiths,no verified scholarly introduction,"chapter_number, title, title_bn, title_ar, hadith_count — mechanical metadata only; no introduction prose in repository or hadith JSONs",Scholar: source a verified introduction from a named scholarly work with a verifiable citation; reviewer: approve the exact wording before any publication.,keep NOT_PUBLISHED until verified,NOT PUBLISHABLE WITHOUT SCHOLAR REVIEW
chapter-55,/hadith/sahih-bukhari/english/chapter-55 | /hadith/sahih-bukhari/bangla/chapter-55 | /hadith/sahih-bukhari/urdu/chapter-55,Divorce / তালাক — 44 hadiths,no verified scholarly introduction,"chapter_number, title, title_bn, title_ar, hadith_count — mechanical metadata only; no introduction prose in repository or hadith JSONs",Scholar: source a verified introduction from a named scholarly work with a verifiable citation; reviewer: approve the exact wording before any publication.,keep NOT_PUBLISHED until verified,NOT PUBLISHABLE WITHOUT SCHOLAR REVIEW
chapter-56,/hadith/sahih-bukhari/english/chapter-56 | /hadith/sahih-bukhari/bangla/chapter-56 | /hadith/sahih-bukhari/urdu/chapter-56,Nikah / বিবাহ — 293 hadiths,no verified scholarly introduction,"chapter_number, title, title_bn, title_ar, hadith_count — mechanical metadata only; no introduction prose in repository or hadith JSONs",Scholar: source a verified introduction from a named scholarly work with a verifiable citation; reviewer: approve the exact wording before any publication.,keep NOT_PUBLISHED until verified,NOT PUBLISHABLE WITHOUT SCHOLAR REVIEW
chapter-57,/hadith/sahih-bukhari/english/chapter-57 | /hadith/sahih-bukhari/bangla/chapter-57 | /hadith/sahih-bukhari/urdu/chapter-57,Gifts / উপহার — 63 hadiths,no verified scholarly introduction,"chapter_number, title, title_bn, title_ar, hadith_count — mechanical metadata only; no introduction prose in repository or hadith JSONs",Scholar: source a verified introduction from a named scholarly work with a verifiable citation; reviewer: approve the exact wording before any publication.,keep NOT_PUBLISHED until verified,NOT PUBLISHABLE WITHOUT SCHOLAR REVIEW
chapter-58,/hadith/sahih-bukhari/english/chapter-58 | /hadith/sahih-bukhari/bangla/chapter-58 | /hadith/sahih-bukhari/urdu/chapter-58,Manumission / দাস মুক্তি — 30 hadiths,no verified scholarly introduction,"chapter_number, title, title_bn, title_ar, hadith_count — mechanical metadata only; no introduction prose in repository or hadith JSONs",Scholar: source a verified introduction from a named scholarly work with a verifiable citation; reviewer: approve the exact wording before any publication.,keep NOT_PUBLISHED until verified,NOT PUBLISHABLE WITHOUT SCHOLAR REVIEW
chapter-59,/hadith/sahih-bukhari/english/chapter-59 | /hadith/sahih-bukhari/bangla/chapter-59 | /hadith/sahih-bukhari/urdu/chapter-59,Witnesses / সাক্ষী — 131 hadiths,no verified scholarly introduction,"chapter_number, title, title_bn, title_ar, hadith_count — mechanical metadata only; no introduction prose in repository or hadith JSONs",Scholar: source a verified introduction from a named scholarly work with a verifiable citation; reviewer: approve the exact wording before any publication.,keep NOT_PUBLISHED until verified,NOT PUBLISHABLE WITHOUT SCHOLAR REVIEW
chapter-60,/hadith/sahih-bukhari/english/chapter-60 | /hadith/sahih-bukhari/bangla/chapter-60 | /hadith/sahih-bukhari/urdu/chapter-60,Judgments / বিচার — 154 hadiths,no verified scholarly introduction,"chapter_number, title, title_bn, title_ar, hadith_count — mechanical metadata only; no introduction prose in repository or hadith JSONs",Scholar: source a verified introduction from a named scholarly work with a verifiable citation; reviewer: approve the exact wording before any publication.,keep NOT_PUBLISHED until verified,NOT PUBLISHABLE WITHOUT SCHOLAR REVIEW
chapter-61,/hadith/sahih-bukhari/english/chapter-61 | /hadith/sahih-bukhari/bangla/chapter-61 | /hadith/sahih-bukhari/urdu/chapter-61,Compromises / সমঝোতা — 148 hadiths,no verified scholarly introduction,"chapter_number, title, title_bn, title_ar, hadith_count — mechanical metadata only; no introduction prose in repository or hadith JSONs",Scholar: source a verified introduction from a named scholarly work with a verifiable citation; reviewer: approve the exact wording before any publication.,keep NOT_PUBLISHED until verified,NOT PUBLISHABLE WITHOUT SCHOLAR REVIEW
chapter-62,/hadith/sahih-bukhari/english/chapter-62 | /hadith/sahih-bukhari/bangla/chapter-62 | /hadith/sahih-bukhari/urdu/chapter-62,Losses / ক্ষতি — 118 hadiths,no verified scholarly introduction,"chapter_number, title, title_bn, title_ar, hadith_count — mechanical metadata only; no introduction prose in repository or hadith JSONs",Scholar: source a verified introduction from a named scholarly work with a verifiable citation; reviewer: approve the exact wording before any publication.,keep NOT_PUBLISHED until verified,NOT PUBLISHABLE WITHOUT SCHOLAR REVIEW
chapter-63,/hadith/sahih-bukhari/english/chapter-63 | /hadith/sahih-bukhari/bangla/chapter-63 | /hadith/sahih-bukhari/urdu/chapter-63,Irrigation / সেচ — 166 hadiths,no verified scholarly introduction,"chapter_number, title, title_bn, title_ar, hadith_count — mechanical metadata only; no introduction prose in repository or hadith JSONs",Scholar: source a verified introduction from a named scholarly work with a verifiable citation; reviewer: approve the exact wording before any publication.,keep NOT_PUBLISHED until verified,NOT PUBLISHABLE WITHOUT SCHOLAR REVIEW
chapter-64,/hadith/sahih-bukhari/english/chapter-64 | /hadith/sahih-bukhari/bangla/chapter-64 | /hadith/sahih-bukhari/urdu/chapter-64,Agriculture / কৃষি — 482 hadiths,no verified scholarly introduction,"chapter_number, title, title_bn, title_ar, hadith_count — mechanical metadata only; no introduction prose in repository or hadith JSONs",Scholar: source a verified introduction from a named scholarly work with a verifiable citation; reviewer: approve the exact wording before any publication.,keep NOT_PUBLISHED until verified,NOT PUBLISHABLE WITHOUT SCHOLAR REVIEW
chapter-65,/hadith/sahih-bukhari/english/chapter-65 | /hadith/sahih-bukhari/bangla/chapter-65 | /hadith/sahih-bukhari/urdu/chapter-65,Sharecropping / মুজারা — 496 hadiths,no verified scholarly introduction,"chapter_number, title, title_bn, title_ar, hadith_count — mechanical metadata only; no introduction prose in repository or hadith JSONs",Scholar: source a verified introduction from a named scholarly work with a verifiable citation; reviewer: approve the exact wording before any publication.,keep NOT_PUBLISHED until verified,NOT PUBLISHABLE WITHOUT SCHOLAR REVIEW
chapter-66,/hadith/sahih-bukhari/english/chapter-66 | /hadith/sahih-bukhari/bangla/chapter-66 | /hadith/sahih-bukhari/urdu/chapter-66,Renting / ভাড়া — 84 hadiths,no verified scholarly introduction,"chapter_number, title, title_bn, title_ar, hadith_count — mechanical metadata only; no introduction prose in repository or hadith JSONs",Scholar: source a verified introduction from a named scholarly work with a verifiable citation; reviewer: approve the exact wording before any publication.,keep NOT_PUBLISHED until verified,NOT PUBLISHABLE WITHOUT SCHOLAR REVIEW
chapter-67,/hadith/sahih-bukhari/english/chapter-67 | /hadith/sahih-bukhari/bangla/chapter-67 | /hadith/sahih-bukhari/urdu/chapter-67,Lost Property / হারানো জিনিস — 183 hadiths,no verified scholarly introduction,"chapter_number, title, title_bn, title_ar, hadith_count — mechanical metadata only; no introduction prose in repository or hadith JSONs",Scholar: source a verified introduction from a named scholarly work with a verifiable citation; reviewer: approve the exact wording before any publication.,keep NOT_PUBLISHED until verified,NOT PUBLISHABLE WITHOUT SCHOLAR REVIEW
chapter-68,/hadith/sahih-bukhari/english/chapter-68 | /hadith/sahih-bukhari/bangla/chapter-68 | /hadith/sahih-bukhari/urdu/chapter-68,Unjust Gains / অন্যায় লাভ — 93 hadiths,no verified scholarly introduction,"chapter_number, title, title_bn, title_ar, hadith_count — mechanical metadata only; no introduction prose in repository or hadith JSONs",Scholar: source a verified introduction from a named scholarly work with a verifiable citation; reviewer: approve the exact wording before any publication.,keep NOT_PUBLISHED until verified,NOT PUBLISHABLE WITHOUT SCHOLAR REVIEW
chapter-69,/hadith/sahih-bukhari/english/chapter-69 | /hadith/sahih-bukhari/bangla/chapter-69 | /hadith/sahih-bukhari/urdu/chapter-69,Deposits / আমানত — 22 hadiths,no verified scholarly introduction,"chapter_number, title, title_bn, title_ar, hadith_count — mechanical metadata only; no introduction prose in repository or hadith JSONs",Scholar: source a verified introduction from a named scholarly work with a verifiable citation; reviewer: approve the exact wording before any publication.,keep NOT_PUBLISHED until verified,NOT PUBLISHABLE WITHOUT SCHOLAR REVIEW
chapter-70,/hadith/sahih-bukhari/english/chapter-70 | /hadith/sahih-bukhari/bangla/chapter-70 | /hadith/sahih-bukhari/urdu/chapter-70,Debt / ঋণ — 94 hadiths,no verified scholarly introduction,"chapter_number, title, title_bn, title_ar, hadith_count — mechanical metadata only; no introduction prose in repository or hadith JSONs",Scholar: source a verified introduction from a named scholarly work with a verifiable citation; reviewer: approve the exact wording before any publication.,keep NOT_PUBLISHED until verified,NOT PUBLISHABLE WITHOUT SCHOLAR REVIEW
chapter-71,/hadith/sahih-bukhari/english/chapter-71 | /hadith/sahih-bukhari/bangla/chapter-71 | /hadith/sahih-bukhari/urdu/chapter-71,Prohibition / নিষেধ — 7 hadiths,no verified scholarly introduction,"chapter_number, title, title_bn, title_ar, hadith_count — mechanical metadata only; no introduction prose in repository or hadith JSONs",Scholar: source a verified introduction from a named scholarly work with a verifiable citation; reviewer: approve the exact wording before any publication.,keep NOT_PUBLISHED until verified,NOT PUBLISHABLE WITHOUT SCHOLAR REVIEW
chapter-72,/hadith/sahih-bukhari/english/chapter-72 | /hadith/sahih-bukhari/bangla/chapter-72 | /hadith/sahih-bukhari/urdu/chapter-72,Expiation / কাফ্ফারা — 69 hadiths,no verified scholarly introduction,"chapter_number, title, title_bn, title_ar, hadith_count — mechanical metadata only; no introduction prose in repository or hadith JSONs",Scholar: source a verified introduction from a named scholarly work with a verifiable citation; reviewer: approve the exact wording before any publication.,keep NOT_PUBLISHED until verified,NOT PUBLISHABLE WITHOUT SCHOLAR REVIEW
chapter-73,/hadith/sahih-bukhari/english/chapter-73 | /hadith/sahih-bukhari/bangla/chapter-73 | /hadith/sahih-bukhari/urdu/chapter-73,Belief / বিশ্বাস — 30 hadiths,no verified scholarly introduction,"chapter_number, title, title_bn, title_ar, hadith_count — mechanical metadata only; no introduction prose in repository or hadith JSONs",Scholar: source a verified introduction from a named scholarly work with a verifiable citation; reviewer: approve the exact wording before any publication.,keep NOT_PUBLISHED until verified,NOT PUBLISHABLE WITHOUT SCHOLAR REVIEW
chapter-74,/hadith/sahih-bukhari/english/chapter-74 | /hadith/sahih-bukhari/bangla/chapter-74 | /hadith/sahih-bukhari/urdu/chapter-74,Manners / আচরণ — 65 hadiths,no verified scholarly introduction,"chapter_number, title, title_bn, title_ar, hadith_count — mechanical metadata only; no introduction prose in repository or hadith JSONs",Scholar: source a verified introduction from a named scholarly work with a verifiable citation; reviewer: approve the exact wording before any publication.,keep NOT_PUBLISHED until verified,NOT PUBLISHABLE WITHOUT SCHOLAR REVIEW
chapter-75,/hadith/sahih-bukhari/english/chapter-75 | /hadith/sahih-bukhari/bangla/chapter-75 | /hadith/sahih-bukhari/urdu/chapter-75,Greetings / সালাম — 37 hadiths,no verified scholarly introduction,"chapter_number, title, title_bn, title_ar, hadith_count — mechanical metadata only; no introduction prose in repository or hadith JSONs",Scholar: source a verified introduction from a named scholarly work with a verifiable citation; reviewer: approve the exact wording before any publication.,keep NOT_PUBLISHED until verified,NOT PUBLISHABLE WITHOUT SCHOLAR REVIEW
chapter-76,/hadith/sahih-bukhari/english/chapter-76 | /hadith/sahih-bukhari/bangla/chapter-76 | /hadith/sahih-bukhari/urdu/chapter-76,Interpretation of Dreams / স্বপ্নের ব্যাখ্যা — 91 hadiths,no verified scholarly introduction,"chapter_number, title, title_bn, title_ar, hadith_count — mechanical metadata only; no introduction prose in repository or hadith JSONs",Scholar: source a verified introduction from a named scholarly work with a verifiable citation; reviewer: approve the exact wording before any publication.,keep NOT_PUBLISHED until verified,NOT PUBLISHABLE WITHOUT SCHOLAR REVIEW
chapter-77,/hadith/sahih-bukhari/english/chapter-77 | /hadith/sahih-bukhari/bangla/chapter-77 | /hadith/sahih-bukhari/urdu/chapter-77,Invocations / দোয়া — 183 hadiths,no verified scholarly introduction,"chapter_number, title, title_bn, title_ar, hadith_count — mechanical metadata only; no introduction prose in repository or hadith JSONs",Scholar: source a verified introduction from a named scholarly work with a verifiable citation; reviewer: approve the exact wording before any publication.,keep NOT_PUBLISHED until verified,NOT PUBLISHABLE WITHOUT SCHOLAR REVIEW
chapter-78,/hadith/sahih-bukhari/english/chapter-78 | /hadith/sahih-bukhari/bangla/chapter-78 | /hadith/sahih-bukhari/urdu/chapter-78,Medicine / চিকিৎসা — 247 hadiths,no verified scholarly introduction,"chapter_number, title, title_bn, title_ar, hadith_count — mechanical metadata only; no introduction prose in repository or hadith JSONs",Scholar: source a verified introduction from a named scholarly work with a verifiable citation; reviewer: approve the exact wording before any publication.,keep NOT_PUBLISHED until verified,NOT PUBLISHABLE WITHOUT SCHOLAR REVIEW
chapter-79,/hadith/sahih-bukhari/english/chapter-79 | /hadith/sahih-bukhari/bangla/chapter-79 | /hadith/sahih-bukhari/urdu/chapter-79,Dress / পোশাক — 75 hadiths,no verified scholarly introduction,"chapter_number, title, title_bn, title_ar, hadith_count — mechanical metadata only; no introduction prose in repository or hadith JSONs",Scholar: source a verified introduction from a named scholarly work with a verifiable citation; reviewer: approve the exact wording before any publication.,keep NOT_PUBLISHED until verified,NOT PUBLISHABLE WITHOUT SCHOLAR REVIEW
chapter-80,/hadith/sahih-bukhari/english/chapter-80 | /hadith/sahih-bukhari/bangla/chapter-80 | /hadith/sahih-bukhari/urdu/chapter-80,Adornment / সৌন্দর্য — 106 hadiths,no verified scholarly introduction,"chapter_number, title, title_bn, title_ar, hadith_count — mechanical metadata only; no introduction prose in repository or hadith JSONs",Scholar: source a verified introduction from a named scholarly work with a verifiable citation; reviewer: approve the exact wording before any publication.,keep NOT_PUBLISHED until verified,NOT PUBLISHABLE WITHOUT SCHOLAR REVIEW
chapter-81,/hadith/sahih-bukhari/english/chapter-81 | /hadith/sahih-bukhari/bangla/chapter-81 | /hadith/sahih-bukhari/urdu/chapter-81,Asking Permission / অনুমতি চাওয়া — 181 hadiths,no verified scholarly introduction,"chapter_number, title, title_bn, title_ar, hadith_count — mechanical metadata only; no introduction prose in repository or hadith JSONs",Scholar: source a verified introduction from a named scholarly work with a verifiable citation; reviewer: approve the exact wording before any publication.,keep NOT_PUBLISHED until verified,NOT PUBLISHABLE WITHOUT SCHOLAR REVIEW
chapter-82,/hadith/sahih-bukhari/english/chapter-82 | /hadith/sahih-bukhari/bangla/chapter-82 | /hadith/sahih-bukhari/urdu/chapter-82,Greetings / সালাম — 26 hadiths,no verified scholarly introduction,"chapter_number, title, title_bn, title_ar, hadith_count — mechanical metadata only; no introduction prose in repository or hadith JSONs",Scholar: source a verified introduction from a named scholarly work with a verifiable citation; reviewer: approve the exact wording before any publication.,keep NOT_PUBLISHED until verified,NOT PUBLISHABLE WITHOUT SCHOLAR REVIEW
chapter-83,/hadith/sahih-bukhari/english/chapter-83 | /hadith/sahih-bukhari/bangla/chapter-83 | /hadith/sahih-bukhari/urdu/chapter-83,Invocations / দোয়া — 84 hadiths,no verified scholarly introduction,"chapter_number, title, title_bn, title_ar, hadith_count — mechanical metadata only; no introduction prose in repository or hadith JSONs",Scholar: source a verified introduction from a named scholarly work with a verifiable citation; reviewer: approve the exact wording before any publication.,keep NOT_PUBLISHED until verified,NOT PUBLISHABLE WITHOUT SCHOLAR REVIEW
chapter-84,/hadith/sahih-bukhari/english/chapter-84 | /hadith/sahih-bukhari/bangla/chapter-84 | /hadith/sahih-bukhari/urdu/chapter-84,Oaths / কসম — 15 hadiths,no verified scholarly introduction,"chapter_number, title, title_bn, title_ar, hadith_count — mechanical metadata only; no introduction prose in repository or hadith JSONs",Scholar: source a verified introduction from a named scholarly work with a verifiable citation; reviewer: approve the exact wording before any publication.,keep NOT_PUBLISHED until verified,NOT PUBLISHABLE WITHOUT SCHOLAR REVIEW
chapter-85,/hadith/sahih-bukhari/english/chapter-85 | /hadith/sahih-bukhari/bangla/chapter-85 | /hadith/sahih-bukhari/urdu/chapter-85,Divorce / তালাক — 47 hadiths,no verified scholarly introduction,"chapter_number, title, title_bn, title_ar, hadith_count — mechanical metadata only; no introduction prose in repository or hadith JSONs",Scholar: source a verified introduction from a named scholarly work with a verifiable citation; reviewer: approve the exact wording before any publication.,keep NOT_PUBLISHED until verified,NOT PUBLISHABLE WITHOUT SCHOLAR REVIEW
chapter-86,/hadith/sahih-bukhari/english/chapter-86 | /hadith/sahih-bukhari/bangla/chapter-86 | /hadith/sahih-bukhari/urdu/chapter-86,Nikah / বিবাহ — 81 hadiths,no verified scholarly introduction,"chapter_number, title, title_bn, title_ar, hadith_count — mechanical metadata only; no introduction prose in repository or hadith JSONs",Scholar: source a verified introduction from a named scholarly work with a verifiable citation; reviewer: approve the exact wording before any publication.,keep NOT_PUBLISHED until verified,NOT PUBLISHABLE WITHOUT SCHOLAR REVIEW
chapter-87,/hadith/sahih-bukhari/english/chapter-87 | /hadith/sahih-bukhari/bangla/chapter-87 | /hadith/sahih-bukhari/urdu/chapter-87,Gifts / উপহার — 53 hadiths,no verified scholarly introduction,"chapter_number, title, title_bn, title_ar, hadith_count — mechanical metadata only; no introduction prose in repository or hadith JSONs",Scholar: source a verified introduction from a named scholarly work with a verifiable citation; reviewer: approve the exact wording before any publication.,keep NOT_PUBLISHED until verified,NOT PUBLISHABLE WITHOUT SCHOLAR REVIEW
chapter-88,/hadith/sahih-bukhari/english/chapter-88 | /hadith/sahih-bukhari/bangla/chapter-88 | /hadith/sahih-bukhari/urdu/chapter-88,Manumission / দাস মুক্তি — 21 hadiths,no verified scholarly introduction,"chapter_number, title, title_bn, title_ar, hadith_count — mechanical metadata only; no introduction prose in repository or hadith JSONs",Scholar: source a verified introduction from a named scholarly work with a verifiable citation; reviewer: approve the exact wording before any publication.,keep NOT_PUBLISHED until verified,NOT PUBLISHABLE WITHOUT SCHOLAR REVIEW
chapter-89,/hadith/sahih-bukhari/english/chapter-89 | /hadith/sahih-bukhari/bangla/chapter-89 | /hadith/sahih-bukhari/urdu/chapter-89,Witnesses / সাক্ষী — 13 hadiths,no verified scholarly introduction,"chapter_number, title, title_bn, title_ar, hadith_count — mechanical metadata only; no introduction prose in repository or hadith JSONs",Scholar: source a verified introduction from a named scholarly work with a verifiable citation; reviewer: approve the exact wording before any publication.,keep NOT_PUBLISHED until verified,NOT PUBLISHABLE WITHOUT SCHOLAR REVIEW
chapter-90,/hadith/sahih-bukhari/english/chapter-90 | /hadith/sahih-bukhari/bangla/chapter-90 | /hadith/sahih-bukhari/urdu/chapter-90,Judgments / বিচার — 28 hadiths,no verified scholarly introduction,"chapter_number, title, title_bn, title_ar, hadith_count — mechanical metadata only; no introduction prose in repository or hadith JSONs",Scholar: source a verified introduction from a named scholarly work with a verifiable citation; reviewer: approve the exact wording before any publication.,keep NOT_PUBLISHED until verified,NOT PUBLISHABLE WITHOUT SCHOLAR REVIEW
chapter-91,/hadith/sahih-bukhari/english/chapter-91 | /hadith/sahih-bukhari/bangla/chapter-91 | /hadith/sahih-bukhari/urdu/chapter-91,Compromises / সমঝোতা — 61 hadiths,no verified scholarly introduction,"chapter_number, title, title_bn, title_ar, hadith_count — mechanical metadata only; no introduction prose in repository or hadith JSONs",Scholar: source a verified introduction from a named scholarly work with a verifiable citation; reviewer: approve the exact wording before any publication.,keep NOT_PUBLISHED until verified,NOT PUBLISHABLE WITHOUT SCHOLAR REVIEW
chapter-92,/hadith/sahih-bukhari/english/chapter-92 | /hadith/sahih-bukhari/bangla/chapter-92 | /hadith/sahih-bukhari/urdu/chapter-92,Losses / ক্ষতি — 82 hadiths,no verified scholarly introduction,"chapter_number, title, title_bn, title_ar, hadith_count — mechanical metadata only; no introduction prose in repository or hadith JSONs",Scholar: source a verified introduction from a named scholarly work with a verifiable citation; reviewer: approve the exact wording before any publication.,keep NOT_PUBLISHED until verified,NOT PUBLISHABLE WITHOUT SCHOLAR REVIEW
chapter-93,/hadith/sahih-bukhari/english/chapter-93 | /hadith/sahih-bukhari/bangla/chapter-93 | /hadith/sahih-bukhari/urdu/chapter-93,Irrigation / সেচ — 84 hadiths,no verified scholarly introduction,"chapter_number, title, title_bn, title_ar, hadith_count — mechanical metadata only; no introduction prose in repository or hadith JSONs",Scholar: source a verified introduction from a named scholarly work with a verifiable citation; reviewer: approve the exact wording before any publication.,keep NOT_PUBLISHED until verified,NOT PUBLISHABLE WITHOUT SCHOLAR REVIEW
chapter-94,/hadith/sahih-bukhari/english/chapter-94 | /hadith/sahih-bukhari/bangla/chapter-94 | /hadith/sahih-bukhari/urdu/chapter-94,Agriculture / কৃষি — 20 hadiths,no verified scholarly introduction,"chapter_number, title, title_bn, title_ar, hadith_count — mechanical metadata only; no introduction prose in repository or hadith JSONs",Scholar: source a verified introduction from a named scholarly work with a verifiable citation; reviewer: approve the exact wording before any publication.,keep NOT_PUBLISHED until verified,NOT PUBLISHABLE WITHOUT SCHOLAR REVIEW
chapter-95,/hadith/sahih-bukhari/english/chapter-95 | /hadith/sahih-bukhari/bangla/chapter-95 | /hadith/sahih-bukhari/urdu/chapter-95,Sharecropping / মুজারা — 21 hadiths,no verified scholarly introduction,"chapter_number, title, title_bn, title_ar, hadith_count — mechanical metadata only; no introduction prose in repository or hadith JSONs",Scholar: source a verified introduction from a named scholarly work with a verifiable citation; reviewer: approve the exact wording before any publication.,keep NOT_PUBLISHED until verified,NOT PUBLISHABLE WITHOUT SCHOLAR REVIEW
chapter-96,/hadith/sahih-bukhari/english/chapter-96 | /hadith/sahih-bukhari/bangla/chapter-96 | /hadith/sahih-bukhari/urdu/chapter-96,Renting / ভাড়া — 97 hadiths,no verified scholarly introduction,"chapter_number, title, title_bn, title_ar, hadith_count — mechanical metadata only; no introduction prose in repository or hadith JSONs",Scholar: source a verified introduction from a named scholarly work with a verifiable citation; reviewer: approve the exact wording before any publication.,keep NOT_PUBLISHED until verified,NOT PUBLISHABLE WITHOUT SCHOLAR REVIEW
chapter-97,/hadith/sahih-bukhari/english/chapter-97 | /hadith/sahih-bukhari/bangla/chapter-97 | /hadith/sahih-bukhari/urdu/chapter-97,Lost Property / হারানো জিনিস — 188 hadiths,no verified scholarly introduction,"chapter_number, title, title_bn, title_ar, hadith_count — mechanical metadata only; no introduction prose in repository or hadith JSONs",Scholar: source a verified introduction from a named scholarly work with a verifiable citation; reviewer: approve the exact wording before any publication.,keep NOT_PUBLISHED until verified,NOT PUBLISHABLE WITHOUT SCHOLAR REVIEW
