route,content_needed,source_currently_available,missing_source,verification_status,publication_status
/quran/1,"Verified scholarly introduction (themes, structure, context) drawn from a named scholarly source with visible citation and scholar/reviewer approval","number, name (Arabic), englishName (transliteration), englishNameTranslation, numberOfAyahs, revelationType [src/data/quran_surahs.json]; translation attribution [src/hooks/useQuranData.ts]",Scholarly introduction text with named source/scholar and verifiable citation,UNVERIFIED,NOT_PUBLISHED
/quran/2,"Verified scholarly introduction (themes, structure, context) drawn from a named scholarly source with visible citation and scholar/reviewer approval","number, name (Arabic), englishName (transliteration), englishNameTranslation, numberOfAyahs, revelationType [src/data/quran_surahs.json]; translation attribution [src/hooks/useQuranData.ts]",Scholarly introduction text with named source/scholar and verifiable citation,UNVERIFIED,NOT_PUBLISHED
/quran/3,"Verified scholarly introduction (themes, structure, context) drawn from a named scholarly source with visible citation and scholar/reviewer approval","number, name (Arabic), englishName (transliteration), englishNameTranslation, numberOfAyahs, revelationType [src/data/quran_surahs.json]; translation attribution [src/hooks/useQuranData.ts]",Scholarly introduction text with named source/scholar and verifiable citation,UNVERIFIED,NOT_PUBLISHED
/quran/4,"Verified scholarly introduction (themes, structure, context) drawn from a named scholarly source with visible citation and scholar/reviewer approval","number, name (Arabic), englishName (transliteration), englishNameTranslation, numberOfAyahs, revelationType [src/data/quran_surahs.json]; translation attribution [src/hooks/useQuranData.ts]",Scholarly introduction text with named source/scholar and verifiable citation,UNVERIFIED,NOT_PUBLISHED
/quran/5,"Verified scholarly introduction (themes, structure, context) drawn from a named scholarly source with visible citation and scholar/reviewer approval","number, name (Arabic), englishName (transliteration), englishNameTranslation, numberOfAyahs, revelationType [src/data/quran_surahs.json]; translation attribution [src/hooks/useQuranData.ts]",Scholarly introduction text with named source/scholar and verifiable citation,UNVERIFIED,NOT_PUBLISHED
/quran/6,"Verified scholarly introduction (themes, structure, context) drawn from a named scholarly source with visible citation and scholar/reviewer approval","number, name (Arabic), englishName (transliteration), englishNameTranslation, numberOfAyahs, revelationType [src/data/quran_surahs.json]; translation attribution [src/hooks/useQuranData.ts]",Scholarly introduction text with named source/scholar and verifiable citation,UNVERIFIED,NOT_PUBLISHED
/quran/7,"Verified scholarly introduction (themes, structure, context) drawn from a named scholarly source with visible citation and scholar/reviewer approval","number, name (Arabic), englishName (transliteration), englishNameTranslation, numberOfAyahs, revelationType [src/data/quran_surahs.json]; translation attribution [src/hooks/useQuranData.ts]",Scholarly introduction text with named source/scholar and verifiable citation,UNVERIFIED,NOT_PUBLISHED
/quran/8,"Verified scholarly introduction (themes, structure, context) drawn from a named scholarly source with visible citation and scholar/reviewer approval","number, name (Arabic), englishName (transliteration), englishNameTranslation, numberOfAyahs, revelationType [src/data/quran_surahs.json]; translation attribution [src/hooks/useQuranData.ts]",Scholarly introduction text with named source/scholar and verifiable citation,UNVERIFIED,NOT_PUBLISHED
/quran/9,"Verified scholarly introduction (themes, structure, context) drawn from a named scholarly source with visible citation and scholar/reviewer approval","number, name (Arabic), englishName (transliteration), englishNameTranslation, numberOfAyahs, revelationType [src/data/quran_surahs.json]; translation attribution [src/hooks/useQuranData.ts]",Scholarly introduction text with named source/scholar and verifiable citation,UNVERIFIED,NOT_PUBLISHED
/quran/10,"Verified scholarly introduction (themes, structure, context) drawn from a named scholarly source with visible citation and scholar/reviewer approval","number, name (Arabic), englishName (transliteration), englishNameTranslation, numberOfAyahs, revelationType [src/data/quran_surahs.json]; translation attribution [src/hooks/useQuranData.ts]",Scholarly introduction text with named source/scholar and verifiable citation,UNVERIFIED,NOT_PUBLISHED
/quran/11,"Verified scholarly introduction (themes, structure, context) drawn from a named scholarly source with visible citation and scholar/reviewer approval","number, name (Arabic), englishName (transliteration), englishNameTranslation, numberOfAyahs, revelationType [src/data/quran_surahs.json]; translation attribution [src/hooks/useQuranData.ts]",Scholarly introduction text with named source/scholar and verifiable citation,UNVERIFIED,NOT_PUBLISHED
/quran/12,"Verified scholarly introduction (themes, structure, context) drawn from a named scholarly source with visible citation and scholar/reviewer approval","number, name (Arabic), englishName (transliteration), englishNameTranslation, numberOfAyahs, revelationType [src/data/quran_surahs.json]; translation attribution [src/hooks/useQuranData.ts]",Scholarly introduction text with named source/scholar and verifiable citation,UNVERIFIED,NOT_PUBLISHED
/quran/13,"Verified scholarly introduction (themes, structure, context) drawn from a named scholarly source with visible citation and scholar/reviewer approval","number, name (Arabic), englishName (transliteration), englishNameTranslation, numberOfAyahs, revelationType [src/data/quran_surahs.json]; translation attribution [src/hooks/useQuranData.ts]",Scholarly introduction text with named source/scholar and verifiable citation,UNVERIFIED,NOT_PUBLISHED
/quran/14,"Verified scholarly introduction (themes, structure, context) drawn from a named scholarly source with visible citation and scholar/reviewer approval","number, name (Arabic), englishName (transliteration), englishNameTranslation, numberOfAyahs, revelationType [src/data/quran_surahs.json]; translation attribution [src/hooks/useQuranData.ts]",Scholarly introduction text with named source/scholar and verifiable citation,UNVERIFIED,NOT_PUBLISHED
/quran/15,"Verified scholarly introduction (themes, structure, context) drawn from a named scholarly source with visible citation and scholar/reviewer approval","number, name (Arabic), englishName (transliteration), englishNameTranslation, numberOfAyahs, revelationType [src/data/quran_surahs.json]; translation attribution [src/hooks/useQuranData.ts]",Scholarly introduction text with named source/scholar and verifiable citation,UNVERIFIED,NOT_PUBLISHED
/quran/16,"Verified scholarly introduction (themes, structure, context) drawn from a named scholarly source with visible citation and scholar/reviewer approval","number, name (Arabic), englishName (transliteration), englishNameTranslation, numberOfAyahs, revelationType [src/data/quran_surahs.json]; translation attribution [src/hooks/useQuranData.ts]",Scholarly introduction text with named source/scholar and verifiable citation,UNVERIFIED,NOT_PUBLISHED
/quran/17,"Verified scholarly introduction (themes, structure, context) drawn from a named scholarly source with visible citation and scholar/reviewer approval","number, name (Arabic), englishName (transliteration), englishNameTranslation, numberOfAyahs, revelationType [src/data/quran_surahs.json]; translation attribution [src/hooks/useQuranData.ts]",Scholarly introduction text with named source/scholar and verifiable citation,UNVERIFIED,NOT_PUBLISHED
/quran/18,"Verified scholarly introduction (themes, structure, context) drawn from a named scholarly source with visible citation and scholar/reviewer approval","number, name (Arabic), englishName (transliteration), englishNameTranslation, numberOfAyahs, revelationType [src/data/quran_surahs.json]; translation attribution [src/hooks/useQuranData.ts]",Scholarly introduction text with named source/scholar and verifiable citation,UNVERIFIED,NOT_PUBLISHED
/quran/19,"Verified scholarly introduction (themes, structure, context) drawn from a named scholarly source with visible citation and scholar/reviewer approval","number, name (Arabic), englishName (transliteration), englishNameTranslation, numberOfAyahs, revelationType [src/data/quran_surahs.json]; translation attribution [src/hooks/useQuranData.ts]",Scholarly introduction text with named source/scholar and verifiable citation,UNVERIFIED,NOT_PUBLISHED
/quran/20,"Verified scholarly introduction (themes, structure, context) drawn from a named scholarly source with visible citation and scholar/reviewer approval","number, name (Arabic), englishName (transliteration), englishNameTranslation, numberOfAyahs, revelationType [src/data/quran_surahs.json]; translation attribution [src/hooks/useQuranData.ts]",Scholarly introduction text with named source/scholar and verifiable citation,UNVERIFIED,NOT_PUBLISHED
/quran/21,"Verified scholarly introduction (themes, structure, context) drawn from a named scholarly source with visible citation and scholar/reviewer approval","number, name (Arabic), englishName (transliteration), englishNameTranslation, numberOfAyahs, revelationType [src/data/quran_surahs.json]; translation attribution [src/hooks/useQuranData.ts]",Scholarly introduction text with named source/scholar and verifiable citation,UNVERIFIED,NOT_PUBLISHED
/quran/22,"Verified scholarly introduction (themes, structure, context) drawn from a named scholarly source with visible citation and scholar/reviewer approval","number, name (Arabic), englishName (transliteration), englishNameTranslation, numberOfAyahs, revelationType [src/data/quran_surahs.json]; translation attribution [src/hooks/useQuranData.ts]",Scholarly introduction text with named source/scholar and verifiable citation,UNVERIFIED,NOT_PUBLISHED
/quran/23,"Verified scholarly introduction (themes, structure, context) drawn from a named scholarly source with visible citation and scholar/reviewer approval","number, name (Arabic), englishName (transliteration), englishNameTranslation, numberOfAyahs, revelationType [src/data/quran_surahs.json]; translation attribution [src/hooks/useQuranData.ts]",Scholarly introduction text with named source/scholar and verifiable citation,UNVERIFIED,NOT_PUBLISHED
/quran/24,"Verified scholarly introduction (themes, structure, context) drawn from a named scholarly source with visible citation and scholar/reviewer approval","number, name (Arabic), englishName (transliteration), englishNameTranslation, numberOfAyahs, revelationType [src/data/quran_surahs.json]; translation attribution [src/hooks/useQuranData.ts]",Scholarly introduction text with named source/scholar and verifiable citation,UNVERIFIED,NOT_PUBLISHED
/quran/25,"Verified scholarly introduction (themes, structure, context) drawn from a named scholarly source with visible citation and scholar/reviewer approval","number, name (Arabic), englishName (transliteration), englishNameTranslation, numberOfAyahs, revelationType [src/data/quran_surahs.json]; translation attribution [src/hooks/useQuranData.ts]",Scholarly introduction text with named source/scholar and verifiable citation,UNVERIFIED,NOT_PUBLISHED
/quran/26,"Verified scholarly introduction (themes, structure, context) drawn from a named scholarly source with visible citation and scholar/reviewer approval","number, name (Arabic), englishName (transliteration), englishNameTranslation, numberOfAyahs, revelationType [src/data/quran_surahs.json]; translation attribution [src/hooks/useQuranData.ts]",Scholarly introduction text with named source/scholar and verifiable citation,UNVERIFIED,NOT_PUBLISHED
/quran/27,"Verified scholarly introduction (themes, structure, context) drawn from a named scholarly source with visible citation and scholar/reviewer approval","number, name (Arabic), englishName (transliteration), englishNameTranslation, numberOfAyahs, revelationType [src/data/quran_surahs.json]; translation attribution [src/hooks/useQuranData.ts]",Scholarly introduction text with named source/scholar and verifiable citation,UNVERIFIED,NOT_PUBLISHED
/quran/28,"Verified scholarly introduction (themes, structure, context) drawn from a named scholarly source with visible citation and scholar/reviewer approval","number, name (Arabic), englishName (transliteration), englishNameTranslation, numberOfAyahs, revelationType [src/data/quran_surahs.json]; translation attribution [src/hooks/useQuranData.ts]",Scholarly introduction text with named source/scholar and verifiable citation,UNVERIFIED,NOT_PUBLISHED
/quran/29,"Verified scholarly introduction (themes, structure, context) drawn from a named scholarly source with visible citation and scholar/reviewer approval","number, name (Arabic), englishName (transliteration), englishNameTranslation, numberOfAyahs, revelationType [src/data/quran_surahs.json]; translation attribution [src/hooks/useQuranData.ts]",Scholarly introduction text with named source/scholar and verifiable citation,UNVERIFIED,NOT_PUBLISHED
/quran/30,"Verified scholarly introduction (themes, structure, context) drawn from a named scholarly source with visible citation and scholar/reviewer approval","number, name (Arabic), englishName (transliteration), englishNameTranslation, numberOfAyahs, revelationType [src/data/quran_surahs.json]; translation attribution [src/hooks/useQuranData.ts]",Scholarly introduction text with named source/scholar and verifiable citation,UNVERIFIED,NOT_PUBLISHED
/quran/31,"Verified scholarly introduction (themes, structure, context) drawn from a named scholarly source with visible citation and scholar/reviewer approval","number, name (Arabic), englishName (transliteration), englishNameTranslation, numberOfAyahs, revelationType [src/data/quran_surahs.json]; translation attribution [src/hooks/useQuranData.ts]",Scholarly introduction text with named source/scholar and verifiable citation,UNVERIFIED,NOT_PUBLISHED
/quran/32,"Verified scholarly introduction (themes, structure, context) drawn from a named scholarly source with visible citation and scholar/reviewer approval","number, name (Arabic), englishName (transliteration), englishNameTranslation, numberOfAyahs, revelationType [src/data/quran_surahs.json]; translation attribution [src/hooks/useQuranData.ts]",Scholarly introduction text with named source/scholar and verifiable citation,UNVERIFIED,NOT_PUBLISHED
/quran/33,"Verified scholarly introduction (themes, structure, context) drawn from a named scholarly source with visible citation and scholar/reviewer approval","number, name (Arabic), englishName (transliteration), englishNameTranslation, numberOfAyahs, revelationType [src/data/quran_surahs.json]; translation attribution [src/hooks/useQuranData.ts]",Scholarly introduction text with named source/scholar and verifiable citation,UNVERIFIED,NOT_PUBLISHED
/quran/34,"Verified scholarly introduction (themes, structure, context) drawn from a named scholarly source with visible citation and scholar/reviewer approval","number, name (Arabic), englishName (transliteration), englishNameTranslation, numberOfAyahs, revelationType [src/data/quran_surahs.json]; translation attribution [src/hooks/useQuranData.ts]",Scholarly introduction text with named source/scholar and verifiable citation,UNVERIFIED,NOT_PUBLISHED
/quran/35,"Verified scholarly introduction (themes, structure, context) drawn from a named scholarly source with visible citation and scholar/reviewer approval","number, name (Arabic), englishName (transliteration), englishNameTranslation, numberOfAyahs, revelationType [src/data/quran_surahs.json]; translation attribution [src/hooks/useQuranData.ts]",Scholarly introduction text with named source/scholar and verifiable citation,UNVERIFIED,NOT_PUBLISHED
/quran/36,"Verified scholarly introduction (themes, structure, context) drawn from a named scholarly source with visible citation and scholar/reviewer approval","number, name (Arabic), englishName (transliteration), englishNameTranslation, numberOfAyahs, revelationType [src/data/quran_surahs.json]; translation attribution [src/hooks/useQuranData.ts]",Scholarly introduction text with named source/scholar and verifiable citation,UNVERIFIED,NOT_PUBLISHED
/quran/37,"Verified scholarly introduction (themes, structure, context) drawn from a named scholarly source with visible citation and scholar/reviewer approval","number, name (Arabic), englishName (transliteration), englishNameTranslation, numberOfAyahs, revelationType [src/data/quran_surahs.json]; translation attribution [src/hooks/useQuranData.ts]",Scholarly introduction text with named source/scholar and verifiable citation,UNVERIFIED,NOT_PUBLISHED
/quran/38,"Verified scholarly introduction (themes, structure, context) drawn from a named scholarly source with visible citation and scholar/reviewer approval","number, name (Arabic), englishName (transliteration), englishNameTranslation, numberOfAyahs, revelationType [src/data/quran_surahs.json]; translation attribution [src/hooks/useQuranData.ts]",Scholarly introduction text with named source/scholar and verifiable citation,UNVERIFIED,NOT_PUBLISHED
/quran/39,"Verified scholarly introduction (themes, structure, context) drawn from a named scholarly source with visible citation and scholar/reviewer approval","number, name (Arabic), englishName (transliteration), englishNameTranslation, numberOfAyahs, revelationType [src/data/quran_surahs.json]; translation attribution [src/hooks/useQuranData.ts]",Scholarly introduction text with named source/scholar and verifiable citation,UNVERIFIED,NOT_PUBLISHED
/quran/40,"Verified scholarly introduction (themes, structure, context) drawn from a named scholarly source with visible citation and scholar/reviewer approval","number, name (Arabic), englishName (transliteration), englishNameTranslation, numberOfAyahs, revelationType [src/data/quran_surahs.json]; translation attribution [src/hooks/useQuranData.ts]",Scholarly introduction text with named source/scholar and verifiable citation,UNVERIFIED,NOT_PUBLISHED
/quran/41,"Verified scholarly introduction (themes, structure, context) drawn from a named scholarly source with visible citation and scholar/reviewer approval","number, name (Arabic), englishName (transliteration), englishNameTranslation, numberOfAyahs, revelationType [src/data/quran_surahs.json]; translation attribution [src/hooks/useQuranData.ts]",Scholarly introduction text with named source/scholar and verifiable citation,UNVERIFIED,NOT_PUBLISHED
/quran/42,"Verified scholarly introduction (themes, structure, context) drawn from a named scholarly source with visible citation and scholar/reviewer approval","number, name (Arabic), englishName (transliteration), englishNameTranslation, numberOfAyahs, revelationType [src/data/quran_surahs.json]; translation attribution [src/hooks/useQuranData.ts]",Scholarly introduction text with named source/scholar and verifiable citation,UNVERIFIED,NOT_PUBLISHED
/quran/43,"Verified scholarly introduction (themes, structure, context) drawn from a named scholarly source with visible citation and scholar/reviewer approval","number, name (Arabic), englishName (transliteration), englishNameTranslation, numberOfAyahs, revelationType [src/data/quran_surahs.json]; translation attribution [src/hooks/useQuranData.ts]",Scholarly introduction text with named source/scholar and verifiable citation,UNVERIFIED,NOT_PUBLISHED
/quran/44,"Verified scholarly introduction (themes, structure, context) drawn from a named scholarly source with visible citation and scholar/reviewer approval","number, name (Arabic), englishName (transliteration), englishNameTranslation, numberOfAyahs, revelationType [src/data/quran_surahs.json]; translation attribution [src/hooks/useQuranData.ts]",Scholarly introduction text with named source/scholar and verifiable citation,UNVERIFIED,NOT_PUBLISHED
/quran/45,"Verified scholarly introduction (themes, structure, context) drawn from a named scholarly source with visible citation and scholar/reviewer approval","number, name (Arabic), englishName (transliteration), englishNameTranslation, numberOfAyahs, revelationType [src/data/quran_surahs.json]; translation attribution [src/hooks/useQuranData.ts]",Scholarly introduction text with named source/scholar and verifiable citation,UNVERIFIED,NOT_PUBLISHED
/quran/46,"Verified scholarly introduction (themes, structure, context) drawn from a named scholarly source with visible citation and scholar/reviewer approval","number, name (Arabic), englishName (transliteration), englishNameTranslation, numberOfAyahs, revelationType [src/data/quran_surahs.json]; translation attribution [src/hooks/useQuranData.ts]",Scholarly introduction text with named source/scholar and verifiable citation,UNVERIFIED,NOT_PUBLISHED
/quran/47,"Verified scholarly introduction (themes, structure, context) drawn from a named scholarly source with visible citation and scholar/reviewer approval","number, name (Arabic), englishName (transliteration), englishNameTranslation, numberOfAyahs, revelationType [src/data/quran_surahs.json]; translation attribution [src/hooks/useQuranData.ts]",Scholarly introduction text with named source/scholar and verifiable citation,UNVERIFIED,NOT_PUBLISHED
/quran/48,"Verified scholarly introduction (themes, structure, context) drawn from a named scholarly source with visible citation and scholar/reviewer approval","number, name (Arabic), englishName (transliteration), englishNameTranslation, numberOfAyahs, revelationType [src/data/quran_surahs.json]; translation attribution [src/hooks/useQuranData.ts]",Scholarly introduction text with named source/scholar and verifiable citation,UNVERIFIED,NOT_PUBLISHED
/quran/49,"Verified scholarly introduction (themes, structure, context) drawn from a named scholarly source with visible citation and scholar/reviewer approval","number, name (Arabic), englishName (transliteration), englishNameTranslation, numberOfAyahs, revelationType [src/data/quran_surahs.json]; translation attribution [src/hooks/useQuranData.ts]",Scholarly introduction text with named source/scholar and verifiable citation,UNVERIFIED,NOT_PUBLISHED
/quran/50,"Verified scholarly introduction (themes, structure, context) drawn from a named scholarly source with visible citation and scholar/reviewer approval","number, name (Arabic), englishName (transliteration), englishNameTranslation, numberOfAyahs, revelationType [src/data/quran_surahs.json]; translation attribution [src/hooks/useQuranData.ts]",Scholarly introduction text with named source/scholar and verifiable citation,UNVERIFIED,NOT_PUBLISHED
/quran/51,"Verified scholarly introduction (themes, structure, context) drawn from a named scholarly source with visible citation and scholar/reviewer approval","number, name (Arabic), englishName (transliteration), englishNameTranslation, numberOfAyahs, revelationType [src/data/quran_surahs.json]; translation attribution [src/hooks/useQuranData.ts]",Scholarly introduction text with named source/scholar and verifiable citation,UNVERIFIED,NOT_PUBLISHED
/quran/52,"Verified scholarly introduction (themes, structure, context) drawn from a named scholarly source with visible citation and scholar/reviewer approval","number, name (Arabic), englishName (transliteration), englishNameTranslation, numberOfAyahs, revelationType [src/data/quran_surahs.json]; translation attribution [src/hooks/useQuranData.ts]",Scholarly introduction text with named source/scholar and verifiable citation,UNVERIFIED,NOT_PUBLISHED
/quran/53,"Verified scholarly introduction (themes, structure, context) drawn from a named scholarly source with visible citation and scholar/reviewer approval","number, name (Arabic), englishName (transliteration), englishNameTranslation, numberOfAyahs, revelationType [src/data/quran_surahs.json]; translation attribution [src/hooks/useQuranData.ts]",Scholarly introduction text with named source/scholar and verifiable citation,UNVERIFIED,NOT_PUBLISHED
/quran/54,"Verified scholarly introduction (themes, structure, context) drawn from a named scholarly source with visible citation and scholar/reviewer approval","number, name (Arabic), englishName (transliteration), englishNameTranslation, numberOfAyahs, revelationType [src/data/quran_surahs.json]; translation attribution [src/hooks/useQuranData.ts]",Scholarly introduction text with named source/scholar and verifiable citation,UNVERIFIED,NOT_PUBLISHED
/quran/55,"Verified scholarly introduction (themes, structure, context) drawn from a named scholarly source with visible citation and scholar/reviewer approval","number, name (Arabic), englishName (transliteration), englishNameTranslation, numberOfAyahs, revelationType [src/data/quran_surahs.json]; translation attribution [src/hooks/useQuranData.ts]",Scholarly introduction text with named source/scholar and verifiable citation,UNVERIFIED,NOT_PUBLISHED
/quran/56,"Verified scholarly introduction (themes, structure, context) drawn from a named scholarly source with visible citation and scholar/reviewer approval","number, name (Arabic), englishName (transliteration), englishNameTranslation, numberOfAyahs, revelationType [src/data/quran_surahs.json]; translation attribution [src/hooks/useQuranData.ts]",Scholarly introduction text with named source/scholar and verifiable citation,UNVERIFIED,NOT_PUBLISHED
/quran/57,"Verified scholarly introduction (themes, structure, context) drawn from a named scholarly source with visible citation and scholar/reviewer approval","number, name (Arabic), englishName (transliteration), englishNameTranslation, numberOfAyahs, revelationType [src/data/quran_surahs.json]; translation attribution [src/hooks/useQuranData.ts]",Scholarly introduction text with named source/scholar and verifiable citation,UNVERIFIED,NOT_PUBLISHED
/quran/58,"Verified scholarly introduction (themes, structure, context) drawn from a named scholarly source with visible citation and scholar/reviewer approval","number, name (Arabic), englishName (transliteration), englishNameTranslation, numberOfAyahs, revelationType [src/data/quran_surahs.json]; translation attribution [src/hooks/useQuranData.ts]",Scholarly introduction text with named source/scholar and verifiable citation,UNVERIFIED,NOT_PUBLISHED
/quran/59,"Verified scholarly introduction (themes, structure, context) drawn from a named scholarly source with visible citation and scholar/reviewer approval","number, name (Arabic), englishName (transliteration), englishNameTranslation, numberOfAyahs, revelationType [src/data/quran_surahs.json]; translation attribution [src/hooks/useQuranData.ts]",Scholarly introduction text with named source/scholar and verifiable citation,UNVERIFIED,NOT_PUBLISHED
/quran/60,"Verified scholarly introduction (themes, structure, context) drawn from a named scholarly source with visible citation and scholar/reviewer approval","number, name (Arabic), englishName (transliteration), englishNameTranslation, numberOfAyahs, revelationType [src/data/quran_surahs.json]; translation attribution [src/hooks/useQuranData.ts]",Scholarly introduction text with named source/scholar and verifiable citation,UNVERIFIED,NOT_PUBLISHED
/quran/61,"Verified scholarly introduction (themes, structure, context) drawn from a named scholarly source with visible citation and scholar/reviewer approval","number, name (Arabic), englishName (transliteration), englishNameTranslation, numberOfAyahs, revelationType [src/data/quran_surahs.json]; translation attribution [src/hooks/useQuranData.ts]",Scholarly introduction text with named source/scholar and verifiable citation,UNVERIFIED,NOT_PUBLISHED
/quran/62,"Verified scholarly introduction (themes, structure, context) drawn from a named scholarly source with visible citation and scholar/reviewer approval","number, name (Arabic), englishName (transliteration), englishNameTranslation, numberOfAyahs, revelationType [src/data/quran_surahs.json]; translation attribution [src/hooks/useQuranData.ts]",Scholarly introduction text with named source/scholar and verifiable citation,UNVERIFIED,NOT_PUBLISHED
/quran/63,"Verified scholarly introduction (themes, structure, context) drawn from a named scholarly source with visible citation and scholar/reviewer approval","number, name (Arabic), englishName (transliteration), englishNameTranslation, numberOfAyahs, revelationType [src/data/quran_surahs.json]; translation attribution [src/hooks/useQuranData.ts]",Scholarly introduction text with named source/scholar and verifiable citation,UNVERIFIED,NOT_PUBLISHED
/quran/64,"Verified scholarly introduction (themes, structure, context) drawn from a named scholarly source with visible citation and scholar/reviewer approval","number, name (Arabic), englishName (transliteration), englishNameTranslation, numberOfAyahs, revelationType [src/data/quran_surahs.json]; translation attribution [src/hooks/useQuranData.ts]",Scholarly introduction text with named source/scholar and verifiable citation,UNVERIFIED,NOT_PUBLISHED
/quran/65,"Verified scholarly introduction (themes, structure, context) drawn from a named scholarly source with visible citation and scholar/reviewer approval","number, name (Arabic), englishName (transliteration), englishNameTranslation, numberOfAyahs, revelationType [src/data/quran_surahs.json]; translation attribution [src/hooks/useQuranData.ts]",Scholarly introduction text with named source/scholar and verifiable citation,UNVERIFIED,NOT_PUBLISHED
/quran/66,"Verified scholarly introduction (themes, structure, context) drawn from a named scholarly source with visible citation and scholar/reviewer approval","number, name (Arabic), englishName (transliteration), englishNameTranslation, numberOfAyahs, revelationType [src/data/quran_surahs.json]; translation attribution [src/hooks/useQuranData.ts]",Scholarly introduction text with named source/scholar and verifiable citation,UNVERIFIED,NOT_PUBLISHED
/quran/67,"Verified scholarly introduction (themes, structure, context) drawn from a named scholarly source with visible citation and scholar/reviewer approval","number, name (Arabic), englishName (transliteration), englishNameTranslation, numberOfAyahs, revelationType [src/data/quran_surahs.json]; translation attribution [src/hooks/useQuranData.ts]",Scholarly introduction text with named source/scholar and verifiable citation,UNVERIFIED,NOT_PUBLISHED
/quran/68,"Verified scholarly introduction (themes, structure, context) drawn from a named scholarly source with visible citation and scholar/reviewer approval","number, name (Arabic), englishName (transliteration), englishNameTranslation, numberOfAyahs, revelationType [src/data/quran_surahs.json]; translation attribution [src/hooks/useQuranData.ts]",Scholarly introduction text with named source/scholar and verifiable citation,UNVERIFIED,NOT_PUBLISHED
/quran/69,"Verified scholarly introduction (themes, structure, context) drawn from a named scholarly source with visible citation and scholar/reviewer approval","number, name (Arabic), englishName (transliteration), englishNameTranslation, numberOfAyahs, revelationType [src/data/quran_surahs.json]; translation attribution [src/hooks/useQuranData.ts]",Scholarly introduction text with named source/scholar and verifiable citation,UNVERIFIED,NOT_PUBLISHED
/quran/70,"Verified scholarly introduction (themes, structure, context) drawn from a named scholarly source with visible citation and scholar/reviewer approval","number, name (Arabic), englishName (transliteration), englishNameTranslation, numberOfAyahs, revelationType [src/data/quran_surahs.json]; translation attribution [src/hooks/useQuranData.ts]",Scholarly introduction text with named source/scholar and verifiable citation,UNVERIFIED,NOT_PUBLISHED
/quran/71,"Verified scholarly introduction (themes, structure, context) drawn from a named scholarly source with visible citation and scholar/reviewer approval","number, name (Arabic), englishName (transliteration), englishNameTranslation, numberOfAyahs, revelationType [src/data/quran_surahs.json]; translation attribution [src/hooks/useQuranData.ts]",Scholarly introduction text with named source/scholar and verifiable citation,UNVERIFIED,NOT_PUBLISHED
/quran/72,"Verified scholarly introduction (themes, structure, context) drawn from a named scholarly source with visible citation and scholar/reviewer approval","number, name (Arabic), englishName (transliteration), englishNameTranslation, numberOfAyahs, revelationType [src/data/quran_surahs.json]; translation attribution [src/hooks/useQuranData.ts]",Scholarly introduction text with named source/scholar and verifiable citation,UNVERIFIED,NOT_PUBLISHED
/quran/73,"Verified scholarly introduction (themes, structure, context) drawn from a named scholarly source with visible citation and scholar/reviewer approval","number, name (Arabic), englishName (transliteration), englishNameTranslation, numberOfAyahs, revelationType [src/data/quran_surahs.json]; translation attribution [src/hooks/useQuranData.ts]",Scholarly introduction text with named source/scholar and verifiable citation,UNVERIFIED,NOT_PUBLISHED
/quran/74,"Verified scholarly introduction (themes, structure, context) drawn from a named scholarly source with visible citation and scholar/reviewer approval","number, name (Arabic), englishName (transliteration), englishNameTranslation, numberOfAyahs, revelationType [src/data/quran_surahs.json]; translation attribution [src/hooks/useQuranData.ts]",Scholarly introduction text with named source/scholar and verifiable citation,UNVERIFIED,NOT_PUBLISHED
/quran/75,"Verified scholarly introduction (themes, structure, context) drawn from a named scholarly source with visible citation and scholar/reviewer approval","number, name (Arabic), englishName (transliteration), englishNameTranslation, numberOfAyahs, revelationType [src/data/quran_surahs.json]; translation attribution [src/hooks/useQuranData.ts]",Scholarly introduction text with named source/scholar and verifiable citation,UNVERIFIED,NOT_PUBLISHED
/quran/76,"Verified scholarly introduction (themes, structure, context) drawn from a named scholarly source with visible citation and scholar/reviewer approval","number, name (Arabic), englishName (transliteration), englishNameTranslation, numberOfAyahs, revelationType [src/data/quran_surahs.json]; translation attribution [src/hooks/useQuranData.ts]",Scholarly introduction text with named source/scholar and verifiable citation,UNVERIFIED,NOT_PUBLISHED
/quran/77,"Verified scholarly introduction (themes, structure, context) drawn from a named scholarly source with visible citation and scholar/reviewer approval","number, name (Arabic), englishName (transliteration), englishNameTranslation, numberOfAyahs, revelationType [src/data/quran_surahs.json]; translation attribution [src/hooks/useQuranData.ts]",Scholarly introduction text with named source/scholar and verifiable citation,UNVERIFIED,NOT_PUBLISHED
/quran/78,"Verified scholarly introduction (themes, structure, context) drawn from a named scholarly source with visible citation and scholar/reviewer approval","number, name (Arabic), englishName (transliteration), englishNameTranslation, numberOfAyahs, revelationType [src/data/quran_surahs.json]; translation attribution [src/hooks/useQuranData.ts]",Scholarly introduction text with named source/scholar and verifiable citation,UNVERIFIED,NOT_PUBLISHED
/quran/79,"Verified scholarly introduction (themes, structure, context) drawn from a named scholarly source with visible citation and scholar/reviewer approval","number, name (Arabic), englishName (transliteration), englishNameTranslation, numberOfAyahs, revelationType [src/data/quran_surahs.json]; translation attribution [src/hooks/useQuranData.ts]",Scholarly introduction text with named source/scholar and verifiable citation,UNVERIFIED,NOT_PUBLISHED
/quran/80,"Verified scholarly introduction (themes, structure, context) drawn from a named scholarly source with visible citation and scholar/reviewer approval","number, name (Arabic), englishName (transliteration), englishNameTranslation, numberOfAyahs, revelationType [src/data/quran_surahs.json]; translation attribution [src/hooks/useQuranData.ts]",Scholarly introduction text with named source/scholar and verifiable citation,UNVERIFIED,NOT_PUBLISHED
/quran/81,"Verified scholarly introduction (themes, structure, context) drawn from a named scholarly source with visible citation and scholar/reviewer approval","number, name (Arabic), englishName (transliteration), englishNameTranslation, numberOfAyahs, revelationType [src/data/quran_surahs.json]; translation attribution [src/hooks/useQuranData.ts]",Scholarly introduction text with named source/scholar and verifiable citation,UNVERIFIED,NOT_PUBLISHED
/quran/82,"Verified scholarly introduction (themes, structure, context) drawn from a named scholarly source with visible citation and scholar/reviewer approval","number, name (Arabic), englishName (transliteration), englishNameTranslation, numberOfAyahs, revelationType [src/data/quran_surahs.json]; translation attribution [src/hooks/useQuranData.ts]",Scholarly introduction text with named source/scholar and verifiable citation,UNVERIFIED,NOT_PUBLISHED
/quran/83,"Verified scholarly introduction (themes, structure, context) drawn from a named scholarly source with visible citation and scholar/reviewer approval","number, name (Arabic), englishName (transliteration), englishNameTranslation, numberOfAyahs, revelationType [src/data/quran_surahs.json]; translation attribution [src/hooks/useQuranData.ts]",Scholarly introduction text with named source/scholar and verifiable citation,UNVERIFIED,NOT_PUBLISHED
/quran/84,"Verified scholarly introduction (themes, structure, context) drawn from a named scholarly source with visible citation and scholar/reviewer approval","number, name (Arabic), englishName (transliteration), englishNameTranslation, numberOfAyahs, revelationType [src/data/quran_surahs.json]; translation attribution [src/hooks/useQuranData.ts]",Scholarly introduction text with named source/scholar and verifiable citation,UNVERIFIED,NOT_PUBLISHED
/quran/85,"Verified scholarly introduction (themes, structure, context) drawn from a named scholarly source with visible citation and scholar/reviewer approval","number, name (Arabic), englishName (transliteration), englishNameTranslation, numberOfAyahs, revelationType [src/data/quran_surahs.json]; translation attribution [src/hooks/useQuranData.ts]",Scholarly introduction text with named source/scholar and verifiable citation,UNVERIFIED,NOT_PUBLISHED
/quran/86,"Verified scholarly introduction (themes, structure, context) drawn from a named scholarly source with visible citation and scholar/reviewer approval","number, name (Arabic), englishName (transliteration), englishNameTranslation, numberOfAyahs, revelationType [src/data/quran_surahs.json]; translation attribution [src/hooks/useQuranData.ts]",Scholarly introduction text with named source/scholar and verifiable citation,UNVERIFIED,NOT_PUBLISHED
/quran/87,"Verified scholarly introduction (themes, structure, context) drawn from a named scholarly source with visible citation and scholar/reviewer approval","number, name (Arabic), englishName (transliteration), englishNameTranslation, numberOfAyahs, revelationType [src/data/quran_surahs.json]; translation attribution [src/hooks/useQuranData.ts]",Scholarly introduction text with named source/scholar and verifiable citation,UNVERIFIED,NOT_PUBLISHED
/quran/88,"Verified scholarly introduction (themes, structure, context) drawn from a named scholarly source with visible citation and scholar/reviewer approval","number, name (Arabic), englishName (transliteration), englishNameTranslation, numberOfAyahs, revelationType [src/data/quran_surahs.json]; translation attribution [src/hooks/useQuranData.ts]",Scholarly introduction text with named source/scholar and verifiable citation,UNVERIFIED,NOT_PUBLISHED
/quran/89,"Verified scholarly introduction (themes, structure, context) drawn from a named scholarly source with visible citation and scholar/reviewer approval","number, name (Arabic), englishName (transliteration), englishNameTranslation, numberOfAyahs, revelationType [src/data/quran_surahs.json]; translation attribution [src/hooks/useQuranData.ts]",Scholarly introduction text with named source/scholar and verifiable citation,UNVERIFIED,NOT_PUBLISHED
/quran/90,"Verified scholarly introduction (themes, structure, context) drawn from a named scholarly source with visible citation and scholar/reviewer approval","number, name (Arabic), englishName (transliteration), englishNameTranslation, numberOfAyahs, revelationType [src/data/quran_surahs.json]; translation attribution [src/hooks/useQuranData.ts]",Scholarly introduction text with named source/scholar and verifiable citation,UNVERIFIED,NOT_PUBLISHED
/quran/91,"Verified scholarly introduction (themes, structure, context) drawn from a named scholarly source with visible citation and scholar/reviewer approval","number, name (Arabic), englishName (transliteration), englishNameTranslation, numberOfAyahs, revelationType [src/data/quran_surahs.json]; translation attribution [src/hooks/useQuranData.ts]",Scholarly introduction text with named source/scholar and verifiable citation,UNVERIFIED,NOT_PUBLISHED
/quran/92,"Verified scholarly introduction (themes, structure, context) drawn from a named scholarly source with visible citation and scholar/reviewer approval","number, name (Arabic), englishName (transliteration), englishNameTranslation, numberOfAyahs, revelationType [src/data/quran_surahs.json]; translation attribution [src/hooks/useQuranData.ts]",Scholarly introduction text with named source/scholar and verifiable citation,UNVERIFIED,NOT_PUBLISHED
/quran/93,"Verified scholarly introduction (themes, structure, context) drawn from a named scholarly source with visible citation and scholar/reviewer approval","number, name (Arabic), englishName (transliteration), englishNameTranslation, numberOfAyahs, revelationType [src/data/quran_surahs.json]; translation attribution [src/hooks/useQuranData.ts]",Scholarly introduction text with named source/scholar and verifiable citation,UNVERIFIED,NOT_PUBLISHED
/quran/94,"Verified scholarly introduction (themes, structure, context) drawn from a named scholarly source with visible citation and scholar/reviewer approval","number, name (Arabic), englishName (transliteration), englishNameTranslation, numberOfAyahs, revelationType [src/data/quran_surahs.json]; translation attribution [src/hooks/useQuranData.ts]",Scholarly introduction text with named source/scholar and verifiable citation,UNVERIFIED,NOT_PUBLISHED
/quran/95,"Verified scholarly introduction (themes, structure, context) drawn from a named scholarly source with visible citation and scholar/reviewer approval","number, name (Arabic), englishName (transliteration), englishNameTranslation, numberOfAyahs, revelationType [src/data/quran_surahs.json]; translation attribution [src/hooks/useQuranData.ts]",Scholarly introduction text with named source/scholar and verifiable citation,UNVERIFIED,NOT_PUBLISHED
/quran/96,"Verified scholarly introduction (themes, structure, context) drawn from a named scholarly source with visible citation and scholar/reviewer approval","number, name (Arabic), englishName (transliteration), englishNameTranslation, numberOfAyahs, revelationType [src/data/quran_surahs.json]; translation attribution [src/hooks/useQuranData.ts]",Scholarly introduction text with named source/scholar and verifiable citation,UNVERIFIED,NOT_PUBLISHED
/quran/97,"Verified scholarly introduction (themes, structure, context) drawn from a named scholarly source with visible citation and scholar/reviewer approval","number, name (Arabic), englishName (transliteration), englishNameTranslation, numberOfAyahs, revelationType [src/data/quran_surahs.json]; translation attribution [src/hooks/useQuranData.ts]",Scholarly introduction text with named source/scholar and verifiable citation,UNVERIFIED,NOT_PUBLISHED
/quran/98,"Verified scholarly introduction (themes, structure, context) drawn from a named scholarly source with visible citation and scholar/reviewer approval","number, name (Arabic), englishName (transliteration), englishNameTranslation, numberOfAyahs, revelationType [src/data/quran_surahs.json]; translation attribution [src/hooks/useQuranData.ts]",Scholarly introduction text with named source/scholar and verifiable citation,UNVERIFIED,NOT_PUBLISHED
/quran/99,"Verified scholarly introduction (themes, structure, context) drawn from a named scholarly source with visible citation and scholar/reviewer approval","number, name (Arabic), englishName (transliteration), englishNameTranslation, numberOfAyahs, revelationType [src/data/quran_surahs.json]; translation attribution [src/hooks/useQuranData.ts]",Scholarly introduction text with named source/scholar and verifiable citation,UNVERIFIED,NOT_PUBLISHED
/quran/100,"Verified scholarly introduction (themes, structure, context) drawn from a named scholarly source with visible citation and scholar/reviewer approval","number, name (Arabic), englishName (transliteration), englishNameTranslation, numberOfAyahs, revelationType [src/data/quran_surahs.json]; translation attribution [src/hooks/useQuranData.ts]",Scholarly introduction text with named source/scholar and verifiable citation,UNVERIFIED,NOT_PUBLISHED
/quran/101,"Verified scholarly introduction (themes, structure, context) drawn from a named scholarly source with visible citation and scholar/reviewer approval","number, name (Arabic), englishName (transliteration), englishNameTranslation, numberOfAyahs, revelationType [src/data/quran_surahs.json]; translation attribution [src/hooks/useQuranData.ts]",Scholarly introduction text with named source/scholar and verifiable citation,UNVERIFIED,NOT_PUBLISHED
/quran/102,"Verified scholarly introduction (themes, structure, context) drawn from a named scholarly source with visible citation and scholar/reviewer approval","number, name (Arabic), englishName (transliteration), englishNameTranslation, numberOfAyahs, revelationType [src/data/quran_surahs.json]; translation attribution [src/hooks/useQuranData.ts]",Scholarly introduction text with named source/scholar and verifiable citation,UNVERIFIED,NOT_PUBLISHED
/quran/103,"Verified scholarly introduction (themes, structure, context) drawn from a named scholarly source with visible citation and scholar/reviewer approval","number, name (Arabic), englishName (transliteration), englishNameTranslation, numberOfAyahs, revelationType [src/data/quran_surahs.json]; translation attribution [src/hooks/useQuranData.ts]",Scholarly introduction text with named source/scholar and verifiable citation,UNVERIFIED,NOT_PUBLISHED
/quran/104,"Verified scholarly introduction (themes, structure, context) drawn from a named scholarly source with visible citation and scholar/reviewer approval","number, name (Arabic), englishName (transliteration), englishNameTranslation, numberOfAyahs, revelationType [src/data/quran_surahs.json]; translation attribution [src/hooks/useQuranData.ts]",Scholarly introduction text with named source/scholar and verifiable citation,UNVERIFIED,NOT_PUBLISHED
/quran/105,"Verified scholarly introduction (themes, structure, context) drawn from a named scholarly source with visible citation and scholar/reviewer approval","number, name (Arabic), englishName (transliteration), englishNameTranslation, numberOfAyahs, revelationType [src/data/quran_surahs.json]; translation attribution [src/hooks/useQuranData.ts]",Scholarly introduction text with named source/scholar and verifiable citation,UNVERIFIED,NOT_PUBLISHED
/quran/106,"Verified scholarly introduction (themes, structure, context) drawn from a named scholarly source with visible citation and scholar/reviewer approval","number, name (Arabic), englishName (transliteration), englishNameTranslation, numberOfAyahs, revelationType [src/data/quran_surahs.json]; translation attribution [src/hooks/useQuranData.ts]",Scholarly introduction text with named source/scholar and verifiable citation,UNVERIFIED,NOT_PUBLISHED
/quran/107,"Verified scholarly introduction (themes, structure, context) drawn from a named scholarly source with visible citation and scholar/reviewer approval","number, name (Arabic), englishName (transliteration), englishNameTranslation, numberOfAyahs, revelationType [src/data/quran_surahs.json]; translation attribution [src/hooks/useQuranData.ts]",Scholarly introduction text with named source/scholar and verifiable citation,UNVERIFIED,NOT_PUBLISHED
/quran/108,"Verified scholarly introduction (themes, structure, context) drawn from a named scholarly source with visible citation and scholar/reviewer approval","number, name (Arabic), englishName (transliteration), englishNameTranslation, numberOfAyahs, revelationType [src/data/quran_surahs.json]; translation attribution [src/hooks/useQuranData.ts]",Scholarly introduction text with named source/scholar and verifiable citation,UNVERIFIED,NOT_PUBLISHED
/quran/109,"Verified scholarly introduction (themes, structure, context) drawn from a named scholarly source with visible citation and scholar/reviewer approval","number, name (Arabic), englishName (transliteration), englishNameTranslation, numberOfAyahs, revelationType [src/data/quran_surahs.json]; translation attribution [src/hooks/useQuranData.ts]",Scholarly introduction text with named source/scholar and verifiable citation,UNVERIFIED,NOT_PUBLISHED
/quran/110,"Verified scholarly introduction (themes, structure, context) drawn from a named scholarly source with visible citation and scholar/reviewer approval","number, name (Arabic), englishName (transliteration), englishNameTranslation, numberOfAyahs, revelationType [src/data/quran_surahs.json]; translation attribution [src/hooks/useQuranData.ts]",Scholarly introduction text with named source/scholar and verifiable citation,UNVERIFIED,NOT_PUBLISHED
/quran/111,"Verified scholarly introduction (themes, structure, context) drawn from a named scholarly source with visible citation and scholar/reviewer approval","number, name (Arabic), englishName (transliteration), englishNameTranslation, numberOfAyahs, revelationType [src/data/quran_surahs.json]; translation attribution [src/hooks/useQuranData.ts]",Scholarly introduction text with named source/scholar and verifiable citation,UNVERIFIED,NOT_PUBLISHED
/quran/112,"Verified scholarly introduction (themes, structure, context) drawn from a named scholarly source with visible citation and scholar/reviewer approval","number, name (Arabic), englishName (transliteration), englishNameTranslation, numberOfAyahs, revelationType [src/data/quran_surahs.json]; translation attribution [src/hooks/useQuranData.ts]",Scholarly introduction text with named source/scholar and verifiable citation,UNVERIFIED,NOT_PUBLISHED
/quran/113,"Verified scholarly introduction (themes, structure, context) drawn from a named scholarly source with visible citation and scholar/reviewer approval","number, name (Arabic), englishName (transliteration), englishNameTranslation, numberOfAyahs, revelationType [src/data/quran_surahs.json]; translation attribution [src/hooks/useQuranData.ts]",Scholarly introduction text with named source/scholar and verifiable citation,UNVERIFIED,NOT_PUBLISHED
/quran/114,"Verified scholarly introduction (themes, structure, context) drawn from a named scholarly source with visible citation and scholar/reviewer approval","number, name (Arabic), englishName (transliteration), englishNameTranslation, numberOfAyahs, revelationType [src/data/quran_surahs.json]; translation attribution [src/hooks/useQuranData.ts]",Scholarly introduction text with named source/scholar and verifiable citation,UNVERIFIED,NOT_PUBLISHED
/hadith/sahih-bukhari/english/chapter-1 | /hadith/sahih-bukhari/bangla/chapter-1 | /hadith/sahih-bukhari/urdu/chapter-1,"Verified scholarly introduction (themes, structure, context) drawn from a named scholarly source with visible citation and scholar/reviewer approval","chapter_number, title (EN), title_bn, title_ar (frequently empty), hadith_count, book_id [hadith_chapters table]; hadith-level fields id, chapter_id, hadith_number, arabic, english/urdu [public/data/sahih_bukhari_en.json, sahih_bukhari_ur.json]",Scholarly introduction text with named source/scholar and verifiable citation,UNVERIFIED,NOT_PUBLISHED
/hadith/sahih-bukhari/english/chapter-2 | /hadith/sahih-bukhari/bangla/chapter-2 | /hadith/sahih-bukhari/urdu/chapter-2,"Verified scholarly introduction (themes, structure, context) drawn from a named scholarly source with visible citation and scholar/reviewer approval","chapter_number, title (EN), title_bn, title_ar (frequently empty), hadith_count, book_id [hadith_chapters table]; hadith-level fields id, chapter_id, hadith_number, arabic, english/urdu [public/data/sahih_bukhari_en.json, sahih_bukhari_ur.json]",Scholarly introduction text with named source/scholar and verifiable citation,UNVERIFIED,NOT_PUBLISHED
/hadith/sahih-bukhari/english/chapter-3 | /hadith/sahih-bukhari/bangla/chapter-3 | /hadith/sahih-bukhari/urdu/chapter-3,"Verified scholarly introduction (themes, structure, context) drawn from a named scholarly source with visible citation and scholar/reviewer approval","chapter_number, title (EN), title_bn, title_ar (frequently empty), hadith_count, book_id [hadith_chapters table]; hadith-level fields id, chapter_id, hadith_number, arabic, english/urdu [public/data/sahih_bukhari_en.json, sahih_bukhari_ur.json]",Scholarly introduction text with named source/scholar and verifiable citation,UNVERIFIED,NOT_PUBLISHED
/hadith/sahih-bukhari/english/chapter-4 | /hadith/sahih-bukhari/bangla/chapter-4 | /hadith/sahih-bukhari/urdu/chapter-4,"Verified scholarly introduction (themes, structure, context) drawn from a named scholarly source with visible citation and scholar/reviewer approval","chapter_number, title (EN), title_bn, title_ar (frequently empty), hadith_count, book_id [hadith_chapters table]; hadith-level fields id, chapter_id, hadith_number, arabic, english/urdu [public/data/sahih_bukhari_en.json, sahih_bukhari_ur.json]",Scholarly introduction text with named source/scholar and verifiable citation,UNVERIFIED,NOT_PUBLISHED
/hadith/sahih-bukhari/english/chapter-5 | /hadith/sahih-bukhari/bangla/chapter-5 | /hadith/sahih-bukhari/urdu/chapter-5,"Verified scholarly introduction (themes, structure, context) drawn from a named scholarly source with visible citation and scholar/reviewer approval","chapter_number, title (EN), title_bn, title_ar (frequently empty), hadith_count, book_id [hadith_chapters table]; hadith-level fields id, chapter_id, hadith_number, arabic, english/urdu [public/data/sahih_bukhari_en.json, sahih_bukhari_ur.json]",Scholarly introduction text with named source/scholar and verifiable citation,UNVERIFIED,NOT_PUBLISHED
/hadith/sahih-bukhari/english/chapter-6 | /hadith/sahih-bukhari/bangla/chapter-6 | /hadith/sahih-bukhari/urdu/chapter-6,"Verified scholarly introduction (themes, structure, context) drawn from a named scholarly source with visible citation and scholar/reviewer approval","chapter_number, title (EN), title_bn, title_ar (frequently empty), hadith_count, book_id [hadith_chapters table]; hadith-level fields id, chapter_id, hadith_number, arabic, english/urdu [public/data/sahih_bukhari_en.json, sahih_bukhari_ur.json]",Scholarly introduction text with named source/scholar and verifiable citation,UNVERIFIED,NOT_PUBLISHED
/hadith/sahih-bukhari/english/chapter-7 | /hadith/sahih-bukhari/bangla/chapter-7 | /hadith/sahih-bukhari/urdu/chapter-7,"Verified scholarly introduction (themes, structure, context) drawn from a named scholarly source with visible citation and scholar/reviewer approval","chapter_number, title (EN), title_bn, title_ar (frequently empty), hadith_count, book_id [hadith_chapters table]; hadith-level fields id, chapter_id, hadith_number, arabic, english/urdu [public/data/sahih_bukhari_en.json, sahih_bukhari_ur.json]",Scholarly introduction text with named source/scholar and verifiable citation,UNVERIFIED,NOT_PUBLISHED
/hadith/sahih-bukhari/english/chapter-8 | /hadith/sahih-bukhari/bangla/chapter-8 | /hadith/sahih-bukhari/urdu/chapter-8,"Verified scholarly introduction (themes, structure, context) drawn from a named scholarly source with visible citation and scholar/reviewer approval","chapter_number, title (EN), title_bn, title_ar (frequently empty), hadith_count, book_id [hadith_chapters table]; hadith-level fields id, chapter_id, hadith_number, arabic, english/urdu [public/data/sahih_bukhari_en.json, sahih_bukhari_ur.json]",Scholarly introduction text with named source/scholar and verifiable citation,UNVERIFIED,NOT_PUBLISHED
/hadith/sahih-bukhari/english/chapter-9 | /hadith/sahih-bukhari/bangla/chapter-9 | /hadith/sahih-bukhari/urdu/chapter-9,"Verified scholarly introduction (themes, structure, context) drawn from a named scholarly source with visible citation and scholar/reviewer approval","chapter_number, title (EN), title_bn, title_ar (frequently empty), hadith_count, book_id [hadith_chapters table]; hadith-level fields id, chapter_id, hadith_number, arabic, english/urdu [public/data/sahih_bukhari_en.json, sahih_bukhari_ur.json]",Scholarly introduction text with named source/scholar and verifiable citation,UNVERIFIED,NOT_PUBLISHED
/hadith/sahih-bukhari/english/chapter-10 | /hadith/sahih-bukhari/bangla/chapter-10 | /hadith/sahih-bukhari/urdu/chapter-10,"Verified scholarly introduction (themes, structure, context) drawn from a named scholarly source with visible citation and scholar/reviewer approval","chapter_number, title (EN), title_bn, title_ar (frequently empty), hadith_count, book_id [hadith_chapters table]; hadith-level fields id, chapter_id, hadith_number, arabic, english/urdu [public/data/sahih_bukhari_en.json, sahih_bukhari_ur.json]",Scholarly introduction text with named source/scholar and verifiable citation,UNVERIFIED,NOT_PUBLISHED
/hadith/sahih-bukhari/english/chapter-11 | /hadith/sahih-bukhari/bangla/chapter-11 | /hadith/sahih-bukhari/urdu/chapter-11,"Verified scholarly introduction (themes, structure, context) drawn from a named scholarly source with visible citation and scholar/reviewer approval","chapter_number, title (EN), title_bn, title_ar (frequently empty), hadith_count, book_id [hadith_chapters table]; hadith-level fields id, chapter_id, hadith_number, arabic, english/urdu [public/data/sahih_bukhari_en.json, sahih_bukhari_ur.json]",Scholarly introduction text with named source/scholar and verifiable citation,UNVERIFIED,NOT_PUBLISHED
/hadith/sahih-bukhari/english/chapter-12 | /hadith/sahih-bukhari/bangla/chapter-12 | /hadith/sahih-bukhari/urdu/chapter-12,"Verified scholarly introduction (themes, structure, context) drawn from a named scholarly source with visible citation and scholar/reviewer approval","chapter_number, title (EN), title_bn, title_ar (frequently empty), hadith_count, book_id [hadith_chapters table]; hadith-level fields id, chapter_id, hadith_number, arabic, english/urdu [public/data/sahih_bukhari_en.json, sahih_bukhari_ur.json]",Scholarly introduction text with named source/scholar and verifiable citation,UNVERIFIED,NOT_PUBLISHED
/hadith/sahih-bukhari/english/chapter-13 | /hadith/sahih-bukhari/bangla/chapter-13 | /hadith/sahih-bukhari/urdu/chapter-13,"Verified scholarly introduction (themes, structure, context) drawn from a named scholarly source with visible citation and scholar/reviewer approval","chapter_number, title (EN), title_bn, title_ar (frequently empty), hadith_count, book_id [hadith_chapters table]; hadith-level fields id, chapter_id, hadith_number, arabic, english/urdu [public/data/sahih_bukhari_en.json, sahih_bukhari_ur.json]",Scholarly introduction text with named source/scholar and verifiable citation,UNVERIFIED,NOT_PUBLISHED
/hadith/sahih-bukhari/english/chapter-14 | /hadith/sahih-bukhari/bangla/chapter-14 | /hadith/sahih-bukhari/urdu/chapter-14,"Verified scholarly introduction (themes, structure, context) drawn from a named scholarly source with visible citation and scholar/reviewer approval","chapter_number, title (EN), title_bn, title_ar (frequently empty), hadith_count, book_id [hadith_chapters table]; hadith-level fields id, chapter_id, hadith_number, arabic, english/urdu [public/data/sahih_bukhari_en.json, sahih_bukhari_ur.json]",Scholarly introduction text with named source/scholar and verifiable citation,UNVERIFIED,NOT_PUBLISHED
/hadith/sahih-bukhari/english/chapter-15 | /hadith/sahih-bukhari/bangla/chapter-15 | /hadith/sahih-bukhari/urdu/chapter-15,"Verified scholarly introduction (themes, structure, context) drawn from a named scholarly source with visible citation and scholar/reviewer approval","chapter_number, title (EN), title_bn, title_ar (frequently empty), hadith_count, book_id [hadith_chapters table]; hadith-level fields id, chapter_id, hadith_number, arabic, english/urdu [public/data/sahih_bukhari_en.json, sahih_bukhari_ur.json]",Scholarly introduction text with named source/scholar and verifiable citation,UNVERIFIED,NOT_PUBLISHED
/hadith/sahih-bukhari/english/chapter-16 | /hadith/sahih-bukhari/bangla/chapter-16 | /hadith/sahih-bukhari/urdu/chapter-16,"Verified scholarly introduction (themes, structure, context) drawn from a named scholarly source with visible citation and scholar/reviewer approval","chapter_number, title (EN), title_bn, title_ar (frequently empty), hadith_count, book_id [hadith_chapters table]; hadith-level fields id, chapter_id, hadith_number, arabic, english/urdu [public/data/sahih_bukhari_en.json, sahih_bukhari_ur.json]",Scholarly introduction text with named source/scholar and verifiable citation,UNVERIFIED,NOT_PUBLISHED
/hadith/sahih-bukhari/english/chapter-17 | /hadith/sahih-bukhari/bangla/chapter-17 | /hadith/sahih-bukhari/urdu/chapter-17,"Verified scholarly introduction (themes, structure, context) drawn from a named scholarly source with visible citation and scholar/reviewer approval","chapter_number, title (EN), title_bn, title_ar (frequently empty), hadith_count, book_id [hadith_chapters table]; hadith-level fields id, chapter_id, hadith_number, arabic, english/urdu [public/data/sahih_bukhari_en.json, sahih_bukhari_ur.json]",Scholarly introduction text with named source/scholar and verifiable citation,UNVERIFIED,NOT_PUBLISHED
/hadith/sahih-bukhari/english/chapter-18 | /hadith/sahih-bukhari/bangla/chapter-18 | /hadith/sahih-bukhari/urdu/chapter-18,"Verified scholarly introduction (themes, structure, context) drawn from a named scholarly source with visible citation and scholar/reviewer approval","chapter_number, title (EN), title_bn, title_ar (frequently empty), hadith_count, book_id [hadith_chapters table]; hadith-level fields id, chapter_id, hadith_number, arabic, english/urdu [public/data/sahih_bukhari_en.json, sahih_bukhari_ur.json]",Scholarly introduction text with named source/scholar and verifiable citation,UNVERIFIED,NOT_PUBLISHED
/hadith/sahih-bukhari/english/chapter-19 | /hadith/sahih-bukhari/bangla/chapter-19 | /hadith/sahih-bukhari/urdu/chapter-19,"Verified scholarly introduction (themes, structure, context) drawn from a named scholarly source with visible citation and scholar/reviewer approval","chapter_number, title (EN), title_bn, title_ar (frequently empty), hadith_count, book_id [hadith_chapters table]; hadith-level fields id, chapter_id, hadith_number, arabic, english/urdu [public/data/sahih_bukhari_en.json, sahih_bukhari_ur.json]",Scholarly introduction text with named source/scholar and verifiable citation,UNVERIFIED,NOT_PUBLISHED
/hadith/sahih-bukhari/english/chapter-20 | /hadith/sahih-bukhari/bangla/chapter-20 | /hadith/sahih-bukhari/urdu/chapter-20,"Verified scholarly introduction (themes, structure, context) drawn from a named scholarly source with visible citation and scholar/reviewer approval","chapter_number, title (EN), title_bn, title_ar (frequently empty), hadith_count, book_id [hadith_chapters table]; hadith-level fields id, chapter_id, hadith_number, arabic, english/urdu [public/data/sahih_bukhari_en.json, sahih_bukhari_ur.json]",Scholarly introduction text with named source/scholar and verifiable citation,UNVERIFIED,NOT_PUBLISHED
/hadith/sahih-bukhari/english/chapter-21 | /hadith/sahih-bukhari/bangla/chapter-21 | /hadith/sahih-bukhari/urdu/chapter-21,"Verified scholarly introduction (themes, structure, context) drawn from a named scholarly source with visible citation and scholar/reviewer approval","chapter_number, title (EN), title_bn, title_ar (frequently empty), hadith_count, book_id [hadith_chapters table]; hadith-level fields id, chapter_id, hadith_number, arabic, english/urdu [public/data/sahih_bukhari_en.json, sahih_bukhari_ur.json]",Scholarly introduction text with named source/scholar and verifiable citation,UNVERIFIED,NOT_PUBLISHED
/hadith/sahih-bukhari/english/chapter-22 | /hadith/sahih-bukhari/bangla/chapter-22 | /hadith/sahih-bukhari/urdu/chapter-22,"Verified scholarly introduction (themes, structure, context) drawn from a named scholarly source with visible citation and scholar/reviewer approval","chapter_number, title (EN), title_bn, title_ar (frequently empty), hadith_count, book_id [hadith_chapters table]; hadith-level fields id, chapter_id, hadith_number, arabic, english/urdu [public/data/sahih_bukhari_en.json, sahih_bukhari_ur.json]",Scholarly introduction text with named source/scholar and verifiable citation,UNVERIFIED,NOT_PUBLISHED
/hadith/sahih-bukhari/english/chapter-23 | /hadith/sahih-bukhari/bangla/chapter-23 | /hadith/sahih-bukhari/urdu/chapter-23,"Verified scholarly introduction (themes, structure, context) drawn from a named scholarly source with visible citation and scholar/reviewer approval","chapter_number, title (EN), title_bn, title_ar (frequently empty), hadith_count, book_id [hadith_chapters table]; hadith-level fields id, chapter_id, hadith_number, arabic, english/urdu [public/data/sahih_bukhari_en.json, sahih_bukhari_ur.json]",Scholarly introduction text with named source/scholar and verifiable citation,UNVERIFIED,NOT_PUBLISHED
/hadith/sahih-bukhari/english/chapter-24 | /hadith/sahih-bukhari/bangla/chapter-24 | /hadith/sahih-bukhari/urdu/chapter-24,"Verified scholarly introduction (themes, structure, context) drawn from a named scholarly source with visible citation and scholar/reviewer approval","chapter_number, title (EN), title_bn, title_ar (frequently empty), hadith_count, book_id [hadith_chapters table]; hadith-level fields id, chapter_id, hadith_number, arabic, english/urdu [public/data/sahih_bukhari_en.json, sahih_bukhari_ur.json]",Scholarly introduction text with named source/scholar and verifiable citation,UNVERIFIED,NOT_PUBLISHED
/hadith/sahih-bukhari/english/chapter-25 | /hadith/sahih-bukhari/bangla/chapter-25 | /hadith/sahih-bukhari/urdu/chapter-25,"Verified scholarly introduction (themes, structure, context) drawn from a named scholarly source with visible citation and scholar/reviewer approval","chapter_number, title (EN), title_bn, title_ar (frequently empty), hadith_count, book_id [hadith_chapters table]; hadith-level fields id, chapter_id, hadith_number, arabic, english/urdu [public/data/sahih_bukhari_en.json, sahih_bukhari_ur.json]",Scholarly introduction text with named source/scholar and verifiable citation,UNVERIFIED,NOT_PUBLISHED
/hadith/sahih-bukhari/english/chapter-26 | /hadith/sahih-bukhari/bangla/chapter-26 | /hadith/sahih-bukhari/urdu/chapter-26,"Verified scholarly introduction (themes, structure, context) drawn from a named scholarly source with visible citation and scholar/reviewer approval","chapter_number, title (EN), title_bn, title_ar (frequently empty), hadith_count, book_id [hadith_chapters table]; hadith-level fields id, chapter_id, hadith_number, arabic, english/urdu [public/data/sahih_bukhari_en.json, sahih_bukhari_ur.json]",Scholarly introduction text with named source/scholar and verifiable citation,UNVERIFIED,NOT_PUBLISHED
/hadith/sahih-bukhari/english/chapter-27 | /hadith/sahih-bukhari/bangla/chapter-27 | /hadith/sahih-bukhari/urdu/chapter-27,"Verified scholarly introduction (themes, structure, context) drawn from a named scholarly source with visible citation and scholar/reviewer approval","chapter_number, title (EN), title_bn, title_ar (frequently empty), hadith_count, book_id [hadith_chapters table]; hadith-level fields id, chapter_id, hadith_number, arabic, english/urdu [public/data/sahih_bukhari_en.json, sahih_bukhari_ur.json]",Scholarly introduction text with named source/scholar and verifiable citation,UNVERIFIED,NOT_PUBLISHED
/hadith/sahih-bukhari/english/chapter-28 | /hadith/sahih-bukhari/bangla/chapter-28 | /hadith/sahih-bukhari/urdu/chapter-28,"Verified scholarly introduction (themes, structure, context) drawn from a named scholarly source with visible citation and scholar/reviewer approval","chapter_number, title (EN), title_bn, title_ar (frequently empty), hadith_count, book_id [hadith_chapters table]; hadith-level fields id, chapter_id, hadith_number, arabic, english/urdu [public/data/sahih_bukhari_en.json, sahih_bukhari_ur.json]",Scholarly introduction text with named source/scholar and verifiable citation,UNVERIFIED,NOT_PUBLISHED
/hadith/sahih-bukhari/english/chapter-29 | /hadith/sahih-bukhari/bangla/chapter-29 | /hadith/sahih-bukhari/urdu/chapter-29,"Verified scholarly introduction (themes, structure, context) drawn from a named scholarly source with visible citation and scholar/reviewer approval","chapter_number, title (EN), title_bn, title_ar (frequently empty), hadith_count, book_id [hadith_chapters table]; hadith-level fields id, chapter_id, hadith_number, arabic, english/urdu [public/data/sahih_bukhari_en.json, sahih_bukhari_ur.json]",Scholarly introduction text with named source/scholar and verifiable citation,UNVERIFIED,NOT_PUBLISHED
/hadith/sahih-bukhari/english/chapter-30 | /hadith/sahih-bukhari/bangla/chapter-30 | /hadith/sahih-bukhari/urdu/chapter-30,"Verified scholarly introduction (themes, structure, context) drawn from a named scholarly source with visible citation and scholar/reviewer approval","chapter_number, title (EN), title_bn, title_ar (frequently empty), hadith_count, book_id [hadith_chapters table]; hadith-level fields id, chapter_id, hadith_number, arabic, english/urdu [public/data/sahih_bukhari_en.json, sahih_bukhari_ur.json]",Scholarly introduction text with named source/scholar and verifiable citation,UNVERIFIED,NOT_PUBLISHED
/hadith/sahih-bukhari/english/chapter-31 | /hadith/sahih-bukhari/bangla/chapter-31 | /hadith/sahih-bukhari/urdu/chapter-31,"Verified scholarly introduction (themes, structure, context) drawn from a named scholarly source with visible citation and scholar/reviewer approval","chapter_number, title (EN), title_bn, title_ar (frequently empty), hadith_count, book_id [hadith_chapters table]; hadith-level fields id, chapter_id, hadith_number, arabic, english/urdu [public/data/sahih_bukhari_en.json, sahih_bukhari_ur.json]",Scholarly introduction text with named source/scholar and verifiable citation,UNVERIFIED,NOT_PUBLISHED
/hadith/sahih-bukhari/english/chapter-32 | /hadith/sahih-bukhari/bangla/chapter-32 | /hadith/sahih-bukhari/urdu/chapter-32,"Verified scholarly introduction (themes, structure, context) drawn from a named scholarly source with visible citation and scholar/reviewer approval","chapter_number, title (EN), title_bn, title_ar (frequently empty), hadith_count, book_id [hadith_chapters table]; hadith-level fields id, chapter_id, hadith_number, arabic, english/urdu [public/data/sahih_bukhari_en.json, sahih_bukhari_ur.json]",Scholarly introduction text with named source/scholar and verifiable citation,UNVERIFIED,NOT_PUBLISHED
/hadith/sahih-bukhari/english/chapter-33 | /hadith/sahih-bukhari/bangla/chapter-33 | /hadith/sahih-bukhari/urdu/chapter-33,"Verified scholarly introduction (themes, structure, context) drawn from a named scholarly source with visible citation and scholar/reviewer approval","chapter_number, title (EN), title_bn, title_ar (frequently empty), hadith_count, book_id [hadith_chapters table]; hadith-level fields id, chapter_id, hadith_number, arabic, english/urdu [public/data/sahih_bukhari_en.json, sahih_bukhari_ur.json]",Scholarly introduction text with named source/scholar and verifiable citation,UNVERIFIED,NOT_PUBLISHED
/hadith/sahih-bukhari/english/chapter-34 | /hadith/sahih-bukhari/bangla/chapter-34 | /hadith/sahih-bukhari/urdu/chapter-34,"Verified scholarly introduction (themes, structure, context) drawn from a named scholarly source with visible citation and scholar/reviewer approval","chapter_number, title (EN), title_bn, title_ar (frequently empty), hadith_count, book_id [hadith_chapters table]; hadith-level fields id, chapter_id, hadith_number, arabic, english/urdu [public/data/sahih_bukhari_en.json, sahih_bukhari_ur.json]",Scholarly introduction text with named source/scholar and verifiable citation,UNVERIFIED,NOT_PUBLISHED
/hadith/sahih-bukhari/english/chapter-35 | /hadith/sahih-bukhari/bangla/chapter-35 | /hadith/sahih-bukhari/urdu/chapter-35,"Verified scholarly introduction (themes, structure, context) drawn from a named scholarly source with visible citation and scholar/reviewer approval","chapter_number, title (EN), title_bn, title_ar (frequently empty), hadith_count, book_id [hadith_chapters table]; hadith-level fields id, chapter_id, hadith_number, arabic, english/urdu [public/data/sahih_bukhari_en.json, sahih_bukhari_ur.json]",Scholarly introduction text with named source/scholar and verifiable citation,UNVERIFIED,NOT_PUBLISHED
/hadith/sahih-bukhari/english/chapter-36 | /hadith/sahih-bukhari/bangla/chapter-36 | /hadith/sahih-bukhari/urdu/chapter-36,"Verified scholarly introduction (themes, structure, context) drawn from a named scholarly source with visible citation and scholar/reviewer approval","chapter_number, title (EN), title_bn, title_ar (frequently empty), hadith_count, book_id [hadith_chapters table]; hadith-level fields id, chapter_id, hadith_number, arabic, english/urdu [public/data/sahih_bukhari_en.json, sahih_bukhari_ur.json]",Scholarly introduction text with named source/scholar and verifiable citation,UNVERIFIED,NOT_PUBLISHED
/hadith/sahih-bukhari/english/chapter-37 | /hadith/sahih-bukhari/bangla/chapter-37 | /hadith/sahih-bukhari/urdu/chapter-37,"Verified scholarly introduction (themes, structure, context) drawn from a named scholarly source with visible citation and scholar/reviewer approval","chapter_number, title (EN), title_bn, title_ar (frequently empty), hadith_count, book_id [hadith_chapters table]; hadith-level fields id, chapter_id, hadith_number, arabic, english/urdu [public/data/sahih_bukhari_en.json, sahih_bukhari_ur.json]",Scholarly introduction text with named source/scholar and verifiable citation,UNVERIFIED,NOT_PUBLISHED
/hadith/sahih-bukhari/english/chapter-38 | /hadith/sahih-bukhari/bangla/chapter-38 | /hadith/sahih-bukhari/urdu/chapter-38,"Verified scholarly introduction (themes, structure, context) drawn from a named scholarly source with visible citation and scholar/reviewer approval","chapter_number, title (EN), title_bn, title_ar (frequently empty), hadith_count, book_id [hadith_chapters table]; hadith-level fields id, chapter_id, hadith_number, arabic, english/urdu [public/data/sahih_bukhari_en.json, sahih_bukhari_ur.json]",Scholarly introduction text with named source/scholar and verifiable citation,UNVERIFIED,NOT_PUBLISHED
/hadith/sahih-bukhari/english/chapter-39 | /hadith/sahih-bukhari/bangla/chapter-39 | /hadith/sahih-bukhari/urdu/chapter-39,"Verified scholarly introduction (themes, structure, context) drawn from a named scholarly source with visible citation and scholar/reviewer approval","chapter_number, title (EN), title_bn, title_ar (frequently empty), hadith_count, book_id [hadith_chapters table]; hadith-level fields id, chapter_id, hadith_number, arabic, english/urdu [public/data/sahih_bukhari_en.json, sahih_bukhari_ur.json]",Scholarly introduction text with named source/scholar and verifiable citation,UNVERIFIED,NOT_PUBLISHED
/hadith/sahih-bukhari/english/chapter-40 | /hadith/sahih-bukhari/bangla/chapter-40 | /hadith/sahih-bukhari/urdu/chapter-40,"Verified scholarly introduction (themes, structure, context) drawn from a named scholarly source with visible citation and scholar/reviewer approval","chapter_number, title (EN), title_bn, title_ar (frequently empty), hadith_count, book_id [hadith_chapters table]; hadith-level fields id, chapter_id, hadith_number, arabic, english/urdu [public/data/sahih_bukhari_en.json, sahih_bukhari_ur.json]",Scholarly introduction text with named source/scholar and verifiable citation,UNVERIFIED,NOT_PUBLISHED
/hadith/sahih-bukhari/english/chapter-41 | /hadith/sahih-bukhari/bangla/chapter-41 | /hadith/sahih-bukhari/urdu/chapter-41,"Verified scholarly introduction (themes, structure, context) drawn from a named scholarly source with visible citation and scholar/reviewer approval","chapter_number, title (EN), title_bn, title_ar (frequently empty), hadith_count, book_id [hadith_chapters table]; hadith-level fields id, chapter_id, hadith_number, arabic, english/urdu [public/data/sahih_bukhari_en.json, sahih_bukhari_ur.json]",Scholarly introduction text with named source/scholar and verifiable citation,UNVERIFIED,NOT_PUBLISHED
/hadith/sahih-bukhari/english/chapter-42 | /hadith/sahih-bukhari/bangla/chapter-42 | /hadith/sahih-bukhari/urdu/chapter-42,"Verified scholarly introduction (themes, structure, context) drawn from a named scholarly source with visible citation and scholar/reviewer approval","chapter_number, title (EN), title_bn, title_ar (frequently empty), hadith_count, book_id [hadith_chapters table]; hadith-level fields id, chapter_id, hadith_number, arabic, english/urdu [public/data/sahih_bukhari_en.json, sahih_bukhari_ur.json]",Scholarly introduction text with named source/scholar and verifiable citation,UNVERIFIED,NOT_PUBLISHED
/hadith/sahih-bukhari/english/chapter-43 | /hadith/sahih-bukhari/bangla/chapter-43 | /hadith/sahih-bukhari/urdu/chapter-43,"Verified scholarly introduction (themes, structure, context) drawn from a named scholarly source with visible citation and scholar/reviewer approval","chapter_number, title (EN), title_bn, title_ar (frequently empty), hadith_count, book_id [hadith_chapters table]; hadith-level fields id, chapter_id, hadith_number, arabic, english/urdu [public/data/sahih_bukhari_en.json, sahih_bukhari_ur.json]",Scholarly introduction text with named source/scholar and verifiable citation,UNVERIFIED,NOT_PUBLISHED
/hadith/sahih-bukhari/english/chapter-44 | /hadith/sahih-bukhari/bangla/chapter-44 | /hadith/sahih-bukhari/urdu/chapter-44,"Verified scholarly introduction (themes, structure, context) drawn from a named scholarly source with visible citation and scholar/reviewer approval","chapter_number, title (EN), title_bn, title_ar (frequently empty), hadith_count, book_id [hadith_chapters table]; hadith-level fields id, chapter_id, hadith_number, arabic, english/urdu [public/data/sahih_bukhari_en.json, sahih_bukhari_ur.json]",Scholarly introduction text with named source/scholar and verifiable citation,UNVERIFIED,NOT_PUBLISHED
/hadith/sahih-bukhari/english/chapter-45 | /hadith/sahih-bukhari/bangla/chapter-45 | /hadith/sahih-bukhari/urdu/chapter-45,"Verified scholarly introduction (themes, structure, context) drawn from a named scholarly source with visible citation and scholar/reviewer approval","chapter_number, title (EN), title_bn, title_ar (frequently empty), hadith_count, book_id [hadith_chapters table]; hadith-level fields id, chapter_id, hadith_number, arabic, english/urdu [public/data/sahih_bukhari_en.json, sahih_bukhari_ur.json]",Scholarly introduction text with named source/scholar and verifiable citation,UNVERIFIED,NOT_PUBLISHED
/hadith/sahih-bukhari/english/chapter-46 | /hadith/sahih-bukhari/bangla/chapter-46 | /hadith/sahih-bukhari/urdu/chapter-46,"Verified scholarly introduction (themes, structure, context) drawn from a named scholarly source with visible citation and scholar/reviewer approval","chapter_number, title (EN), title_bn, title_ar (frequently empty), hadith_count, book_id [hadith_chapters table]; hadith-level fields id, chapter_id, hadith_number, arabic, english/urdu [public/data/sahih_bukhari_en.json, sahih_bukhari_ur.json]",Scholarly introduction text with named source/scholar and verifiable citation,UNVERIFIED,NOT_PUBLISHED
/hadith/sahih-bukhari/english/chapter-47 | /hadith/sahih-bukhari/bangla/chapter-47 | /hadith/sahih-bukhari/urdu/chapter-47,"Verified scholarly introduction (themes, structure, context) drawn from a named scholarly source with visible citation and scholar/reviewer approval","chapter_number, title (EN), title_bn, title_ar (frequently empty), hadith_count, book_id [hadith_chapters table]; hadith-level fields id, chapter_id, hadith_number, arabic, english/urdu [public/data/sahih_bukhari_en.json, sahih_bukhari_ur.json]",Scholarly introduction text with named source/scholar and verifiable citation,UNVERIFIED,NOT_PUBLISHED
/hadith/sahih-bukhari/english/chapter-48 | /hadith/sahih-bukhari/bangla/chapter-48 | /hadith/sahih-bukhari/urdu/chapter-48,"Verified scholarly introduction (themes, structure, context) drawn from a named scholarly source with visible citation and scholar/reviewer approval","chapter_number, title (EN), title_bn, title_ar (frequently empty), hadith_count, book_id [hadith_chapters table]; hadith-level fields id, chapter_id, hadith_number, arabic, english/urdu [public/data/sahih_bukhari_en.json, sahih_bukhari_ur.json]",Scholarly introduction text with named source/scholar and verifiable citation,UNVERIFIED,NOT_PUBLISHED
/hadith/sahih-bukhari/english/chapter-49 | /hadith/sahih-bukhari/bangla/chapter-49 | /hadith/sahih-bukhari/urdu/chapter-49,"Verified scholarly introduction (themes, structure, context) drawn from a named scholarly source with visible citation and scholar/reviewer approval","chapter_number, title (EN), title_bn, title_ar (frequently empty), hadith_count, book_id [hadith_chapters table]; hadith-level fields id, chapter_id, hadith_number, arabic, english/urdu [public/data/sahih_bukhari_en.json, sahih_bukhari_ur.json]",Scholarly introduction text with named source/scholar and verifiable citation,UNVERIFIED,NOT_PUBLISHED
/hadith/sahih-bukhari/english/chapter-50 | /hadith/sahih-bukhari/bangla/chapter-50 | /hadith/sahih-bukhari/urdu/chapter-50,"Verified scholarly introduction (themes, structure, context) drawn from a named scholarly source with visible citation and scholar/reviewer approval","chapter_number, title (EN), title_bn, title_ar (frequently empty), hadith_count, book_id [hadith_chapters table]; hadith-level fields id, chapter_id, hadith_number, arabic, english/urdu [public/data/sahih_bukhari_en.json, sahih_bukhari_ur.json]",Scholarly introduction text with named source/scholar and verifiable citation,UNVERIFIED,NOT_PUBLISHED
/hadith/sahih-bukhari/english/chapter-51 | /hadith/sahih-bukhari/bangla/chapter-51 | /hadith/sahih-bukhari/urdu/chapter-51,"Verified scholarly introduction (themes, structure, context) drawn from a named scholarly source with visible citation and scholar/reviewer approval","chapter_number, title (EN), title_bn, title_ar (frequently empty), hadith_count, book_id [hadith_chapters table]; hadith-level fields id, chapter_id, hadith_number, arabic, english/urdu [public/data/sahih_bukhari_en.json, sahih_bukhari_ur.json]",Scholarly introduction text with named source/scholar and verifiable citation,UNVERIFIED,NOT_PUBLISHED
/hadith/sahih-bukhari/english/chapter-52 | /hadith/sahih-bukhari/bangla/chapter-52 | /hadith/sahih-bukhari/urdu/chapter-52,"Verified scholarly introduction (themes, structure, context) drawn from a named scholarly source with visible citation and scholar/reviewer approval","chapter_number, title (EN), title_bn, title_ar (frequently empty), hadith_count, book_id [hadith_chapters table]; hadith-level fields id, chapter_id, hadith_number, arabic, english/urdu [public/data/sahih_bukhari_en.json, sahih_bukhari_ur.json]",Scholarly introduction text with named source/scholar and verifiable citation,UNVERIFIED,NOT_PUBLISHED
/hadith/sahih-bukhari/english/chapter-53 | /hadith/sahih-bukhari/bangla/chapter-53 | /hadith/sahih-bukhari/urdu/chapter-53,"Verified scholarly introduction (themes, structure, context) drawn from a named scholarly source with visible citation and scholar/reviewer approval","chapter_number, title (EN), title_bn, title_ar (frequently empty), hadith_count, book_id [hadith_chapters table]; hadith-level fields id, chapter_id, hadith_number, arabic, english/urdu [public/data/sahih_bukhari_en.json, sahih_bukhari_ur.json]",Scholarly introduction text with named source/scholar and verifiable citation,UNVERIFIED,NOT_PUBLISHED
/hadith/sahih-bukhari/english/chapter-54 | /hadith/sahih-bukhari/bangla/chapter-54 | /hadith/sahih-bukhari/urdu/chapter-54,"Verified scholarly introduction (themes, structure, context) drawn from a named scholarly source with visible citation and scholar/reviewer approval","chapter_number, title (EN), title_bn, title_ar (frequently empty), hadith_count, book_id [hadith_chapters table]; hadith-level fields id, chapter_id, hadith_number, arabic, english/urdu [public/data/sahih_bukhari_en.json, sahih_bukhari_ur.json]",Scholarly introduction text with named source/scholar and verifiable citation,UNVERIFIED,NOT_PUBLISHED
/hadith/sahih-bukhari/english/chapter-55 | /hadith/sahih-bukhari/bangla/chapter-55 | /hadith/sahih-bukhari/urdu/chapter-55,"Verified scholarly introduction (themes, structure, context) drawn from a named scholarly source with visible citation and scholar/reviewer approval","chapter_number, title (EN), title_bn, title_ar (frequently empty), hadith_count, book_id [hadith_chapters table]; hadith-level fields id, chapter_id, hadith_number, arabic, english/urdu [public/data/sahih_bukhari_en.json, sahih_bukhari_ur.json]",Scholarly introduction text with named source/scholar and verifiable citation,UNVERIFIED,NOT_PUBLISHED
/hadith/sahih-bukhari/english/chapter-56 | /hadith/sahih-bukhari/bangla/chapter-56 | /hadith/sahih-bukhari/urdu/chapter-56,"Verified scholarly introduction (themes, structure, context) drawn from a named scholarly source with visible citation and scholar/reviewer approval","chapter_number, title (EN), title_bn, title_ar (frequently empty), hadith_count, book_id [hadith_chapters table]; hadith-level fields id, chapter_id, hadith_number, arabic, english/urdu [public/data/sahih_bukhari_en.json, sahih_bukhari_ur.json]",Scholarly introduction text with named source/scholar and verifiable citation,UNVERIFIED,NOT_PUBLISHED
/hadith/sahih-bukhari/english/chapter-57 | /hadith/sahih-bukhari/bangla/chapter-57 | /hadith/sahih-bukhari/urdu/chapter-57,"Verified scholarly introduction (themes, structure, context) drawn from a named scholarly source with visible citation and scholar/reviewer approval","chapter_number, title (EN), title_bn, title_ar (frequently empty), hadith_count, book_id [hadith_chapters table]; hadith-level fields id, chapter_id, hadith_number, arabic, english/urdu [public/data/sahih_bukhari_en.json, sahih_bukhari_ur.json]",Scholarly introduction text with named source/scholar and verifiable citation,UNVERIFIED,NOT_PUBLISHED
/hadith/sahih-bukhari/english/chapter-58 | /hadith/sahih-bukhari/bangla/chapter-58 | /hadith/sahih-bukhari/urdu/chapter-58,"Verified scholarly introduction (themes, structure, context) drawn from a named scholarly source with visible citation and scholar/reviewer approval","chapter_number, title (EN), title_bn, title_ar (frequently empty), hadith_count, book_id [hadith_chapters table]; hadith-level fields id, chapter_id, hadith_number, arabic, english/urdu [public/data/sahih_bukhari_en.json, sahih_bukhari_ur.json]",Scholarly introduction text with named source/scholar and verifiable citation,UNVERIFIED,NOT_PUBLISHED
/hadith/sahih-bukhari/english/chapter-59 | /hadith/sahih-bukhari/bangla/chapter-59 | /hadith/sahih-bukhari/urdu/chapter-59,"Verified scholarly introduction (themes, structure, context) drawn from a named scholarly source with visible citation and scholar/reviewer approval","chapter_number, title (EN), title_bn, title_ar (frequently empty), hadith_count, book_id [hadith_chapters table]; hadith-level fields id, chapter_id, hadith_number, arabic, english/urdu [public/data/sahih_bukhari_en.json, sahih_bukhari_ur.json]",Scholarly introduction text with named source/scholar and verifiable citation,UNVERIFIED,NOT_PUBLISHED
/hadith/sahih-bukhari/english/chapter-60 | /hadith/sahih-bukhari/bangla/chapter-60 | /hadith/sahih-bukhari/urdu/chapter-60,"Verified scholarly introduction (themes, structure, context) drawn from a named scholarly source with visible citation and scholar/reviewer approval","chapter_number, title (EN), title_bn, title_ar (frequently empty), hadith_count, book_id [hadith_chapters table]; hadith-level fields id, chapter_id, hadith_number, arabic, english/urdu [public/data/sahih_bukhari_en.json, sahih_bukhari_ur.json]",Scholarly introduction text with named source/scholar and verifiable citation,UNVERIFIED,NOT_PUBLISHED
/hadith/sahih-bukhari/english/chapter-61 | /hadith/sahih-bukhari/bangla/chapter-61 | /hadith/sahih-bukhari/urdu/chapter-61,"Verified scholarly introduction (themes, structure, context) drawn from a named scholarly source with visible citation and scholar/reviewer approval","chapter_number, title (EN), title_bn, title_ar (frequently empty), hadith_count, book_id [hadith_chapters table]; hadith-level fields id, chapter_id, hadith_number, arabic, english/urdu [public/data/sahih_bukhari_en.json, sahih_bukhari_ur.json]",Scholarly introduction text with named source/scholar and verifiable citation,UNVERIFIED,NOT_PUBLISHED
/hadith/sahih-bukhari/english/chapter-62 | /hadith/sahih-bukhari/bangla/chapter-62 | /hadith/sahih-bukhari/urdu/chapter-62,"Verified scholarly introduction (themes, structure, context) drawn from a named scholarly source with visible citation and scholar/reviewer approval","chapter_number, title (EN), title_bn, title_ar (frequently empty), hadith_count, book_id [hadith_chapters table]; hadith-level fields id, chapter_id, hadith_number, arabic, english/urdu [public/data/sahih_bukhari_en.json, sahih_bukhari_ur.json]",Scholarly introduction text with named source/scholar and verifiable citation,UNVERIFIED,NOT_PUBLISHED
/hadith/sahih-bukhari/english/chapter-63 | /hadith/sahih-bukhari/bangla/chapter-63 | /hadith/sahih-bukhari/urdu/chapter-63,"Verified scholarly introduction (themes, structure, context) drawn from a named scholarly source with visible citation and scholar/reviewer approval","chapter_number, title (EN), title_bn, title_ar (frequently empty), hadith_count, book_id [hadith_chapters table]; hadith-level fields id, chapter_id, hadith_number, arabic, english/urdu [public/data/sahih_bukhari_en.json, sahih_bukhari_ur.json]",Scholarly introduction text with named source/scholar and verifiable citation,UNVERIFIED,NOT_PUBLISHED
/hadith/sahih-bukhari/english/chapter-64 | /hadith/sahih-bukhari/bangla/chapter-64 | /hadith/sahih-bukhari/urdu/chapter-64,"Verified scholarly introduction (themes, structure, context) drawn from a named scholarly source with visible citation and scholar/reviewer approval","chapter_number, title (EN), title_bn, title_ar (frequently empty), hadith_count, book_id [hadith_chapters table]; hadith-level fields id, chapter_id, hadith_number, arabic, english/urdu [public/data/sahih_bukhari_en.json, sahih_bukhari_ur.json]",Scholarly introduction text with named source/scholar and verifiable citation,UNVERIFIED,NOT_PUBLISHED
/hadith/sahih-bukhari/english/chapter-65 | /hadith/sahih-bukhari/bangla/chapter-65 | /hadith/sahih-bukhari/urdu/chapter-65,"Verified scholarly introduction (themes, structure, context) drawn from a named scholarly source with visible citation and scholar/reviewer approval","chapter_number, title (EN), title_bn, title_ar (frequently empty), hadith_count, book_id [hadith_chapters table]; hadith-level fields id, chapter_id, hadith_number, arabic, english/urdu [public/data/sahih_bukhari_en.json, sahih_bukhari_ur.json]",Scholarly introduction text with named source/scholar and verifiable citation,UNVERIFIED,NOT_PUBLISHED
/hadith/sahih-bukhari/english/chapter-66 | /hadith/sahih-bukhari/bangla/chapter-66 | /hadith/sahih-bukhari/urdu/chapter-66,"Verified scholarly introduction (themes, structure, context) drawn from a named scholarly source with visible citation and scholar/reviewer approval","chapter_number, title (EN), title_bn, title_ar (frequently empty), hadith_count, book_id [hadith_chapters table]; hadith-level fields id, chapter_id, hadith_number, arabic, english/urdu [public/data/sahih_bukhari_en.json, sahih_bukhari_ur.json]",Scholarly introduction text with named source/scholar and verifiable citation,UNVERIFIED,NOT_PUBLISHED
/hadith/sahih-bukhari/english/chapter-67 | /hadith/sahih-bukhari/bangla/chapter-67 | /hadith/sahih-bukhari/urdu/chapter-67,"Verified scholarly introduction (themes, structure, context) drawn from a named scholarly source with visible citation and scholar/reviewer approval","chapter_number, title (EN), title_bn, title_ar (frequently empty), hadith_count, book_id [hadith_chapters table]; hadith-level fields id, chapter_id, hadith_number, arabic, english/urdu [public/data/sahih_bukhari_en.json, sahih_bukhari_ur.json]",Scholarly introduction text with named source/scholar and verifiable citation,UNVERIFIED,NOT_PUBLISHED
/hadith/sahih-bukhari/english/chapter-68 | /hadith/sahih-bukhari/bangla/chapter-68 | /hadith/sahih-bukhari/urdu/chapter-68,"Verified scholarly introduction (themes, structure, context) drawn from a named scholarly source with visible citation and scholar/reviewer approval","chapter_number, title (EN), title_bn, title_ar (frequently empty), hadith_count, book_id [hadith_chapters table]; hadith-level fields id, chapter_id, hadith_number, arabic, english/urdu [public/data/sahih_bukhari_en.json, sahih_bukhari_ur.json]",Scholarly introduction text with named source/scholar and verifiable citation,UNVERIFIED,NOT_PUBLISHED
/hadith/sahih-bukhari/english/chapter-69 | /hadith/sahih-bukhari/bangla/chapter-69 | /hadith/sahih-bukhari/urdu/chapter-69,"Verified scholarly introduction (themes, structure, context) drawn from a named scholarly source with visible citation and scholar/reviewer approval","chapter_number, title (EN), title_bn, title_ar (frequently empty), hadith_count, book_id [hadith_chapters table]; hadith-level fields id, chapter_id, hadith_number, arabic, english/urdu [public/data/sahih_bukhari_en.json, sahih_bukhari_ur.json]",Scholarly introduction text with named source/scholar and verifiable citation,UNVERIFIED,NOT_PUBLISHED
/hadith/sahih-bukhari/english/chapter-70 | /hadith/sahih-bukhari/bangla/chapter-70 | /hadith/sahih-bukhari/urdu/chapter-70,"Verified scholarly introduction (themes, structure, context) drawn from a named scholarly source with visible citation and scholar/reviewer approval","chapter_number, title (EN), title_bn, title_ar (frequently empty), hadith_count, book_id [hadith_chapters table]; hadith-level fields id, chapter_id, hadith_number, arabic, english/urdu [public/data/sahih_bukhari_en.json, sahih_bukhari_ur.json]",Scholarly introduction text with named source/scholar and verifiable citation,UNVERIFIED,NOT_PUBLISHED
/hadith/sahih-bukhari/english/chapter-71 | /hadith/sahih-bukhari/bangla/chapter-71 | /hadith/sahih-bukhari/urdu/chapter-71,"Verified scholarly introduction (themes, structure, context) drawn from a named scholarly source with visible citation and scholar/reviewer approval","chapter_number, title (EN), title_bn, title_ar (frequently empty), hadith_count, book_id [hadith_chapters table]; hadith-level fields id, chapter_id, hadith_number, arabic, english/urdu [public/data/sahih_bukhari_en.json, sahih_bukhari_ur.json]",Scholarly introduction text with named source/scholar and verifiable citation,UNVERIFIED,NOT_PUBLISHED
/hadith/sahih-bukhari/english/chapter-72 | /hadith/sahih-bukhari/bangla/chapter-72 | /hadith/sahih-bukhari/urdu/chapter-72,"Verified scholarly introduction (themes, structure, context) drawn from a named scholarly source with visible citation and scholar/reviewer approval","chapter_number, title (EN), title_bn, title_ar (frequently empty), hadith_count, book_id [hadith_chapters table]; hadith-level fields id, chapter_id, hadith_number, arabic, english/urdu [public/data/sahih_bukhari_en.json, sahih_bukhari_ur.json]",Scholarly introduction text with named source/scholar and verifiable citation,UNVERIFIED,NOT_PUBLISHED
/hadith/sahih-bukhari/english/chapter-73 | /hadith/sahih-bukhari/bangla/chapter-73 | /hadith/sahih-bukhari/urdu/chapter-73,"Verified scholarly introduction (themes, structure, context) drawn from a named scholarly source with visible citation and scholar/reviewer approval","chapter_number, title (EN), title_bn, title_ar (frequently empty), hadith_count, book_id [hadith_chapters table]; hadith-level fields id, chapter_id, hadith_number, arabic, english/urdu [public/data/sahih_bukhari_en.json, sahih_bukhari_ur.json]",Scholarly introduction text with named source/scholar and verifiable citation,UNVERIFIED,NOT_PUBLISHED
/hadith/sahih-bukhari/english/chapter-74 | /hadith/sahih-bukhari/bangla/chapter-74 | /hadith/sahih-bukhari/urdu/chapter-74,"Verified scholarly introduction (themes, structure, context) drawn from a named scholarly source with visible citation and scholar/reviewer approval","chapter_number, title (EN), title_bn, title_ar (frequently empty), hadith_count, book_id [hadith_chapters table]; hadith-level fields id, chapter_id, hadith_number, arabic, english/urdu [public/data/sahih_bukhari_en.json, sahih_bukhari_ur.json]",Scholarly introduction text with named source/scholar and verifiable citation,UNVERIFIED,NOT_PUBLISHED
/hadith/sahih-bukhari/english/chapter-75 | /hadith/sahih-bukhari/bangla/chapter-75 | /hadith/sahih-bukhari/urdu/chapter-75,"Verified scholarly introduction (themes, structure, context) drawn from a named scholarly source with visible citation and scholar/reviewer approval","chapter_number, title (EN), title_bn, title_ar (frequently empty), hadith_count, book_id [hadith_chapters table]; hadith-level fields id, chapter_id, hadith_number, arabic, english/urdu [public/data/sahih_bukhari_en.json, sahih_bukhari_ur.json]",Scholarly introduction text with named source/scholar and verifiable citation,UNVERIFIED,NOT_PUBLISHED
/hadith/sahih-bukhari/english/chapter-76 | /hadith/sahih-bukhari/bangla/chapter-76 | /hadith/sahih-bukhari/urdu/chapter-76,"Verified scholarly introduction (themes, structure, context) drawn from a named scholarly source with visible citation and scholar/reviewer approval","chapter_number, title (EN), title_bn, title_ar (frequently empty), hadith_count, book_id [hadith_chapters table]; hadith-level fields id, chapter_id, hadith_number, arabic, english/urdu [public/data/sahih_bukhari_en.json, sahih_bukhari_ur.json]",Scholarly introduction text with named source/scholar and verifiable citation,UNVERIFIED,NOT_PUBLISHED
/hadith/sahih-bukhari/english/chapter-77 | /hadith/sahih-bukhari/bangla/chapter-77 | /hadith/sahih-bukhari/urdu/chapter-77,"Verified scholarly introduction (themes, structure, context) drawn from a named scholarly source with visible citation and scholar/reviewer approval","chapter_number, title (EN), title_bn, title_ar (frequently empty), hadith_count, book_id [hadith_chapters table]; hadith-level fields id, chapter_id, hadith_number, arabic, english/urdu [public/data/sahih_bukhari_en.json, sahih_bukhari_ur.json]",Scholarly introduction text with named source/scholar and verifiable citation,UNVERIFIED,NOT_PUBLISHED
/hadith/sahih-bukhari/english/chapter-78 | /hadith/sahih-bukhari/bangla/chapter-78 | /hadith/sahih-bukhari/urdu/chapter-78,"Verified scholarly introduction (themes, structure, context) drawn from a named scholarly source with visible citation and scholar/reviewer approval","chapter_number, title (EN), title_bn, title_ar (frequently empty), hadith_count, book_id [hadith_chapters table]; hadith-level fields id, chapter_id, hadith_number, arabic, english/urdu [public/data/sahih_bukhari_en.json, sahih_bukhari_ur.json]",Scholarly introduction text with named source/scholar and verifiable citation,UNVERIFIED,NOT_PUBLISHED
/hadith/sahih-bukhari/english/chapter-79 | /hadith/sahih-bukhari/bangla/chapter-79 | /hadith/sahih-bukhari/urdu/chapter-79,"Verified scholarly introduction (themes, structure, context) drawn from a named scholarly source with visible citation and scholar/reviewer approval","chapter_number, title (EN), title_bn, title_ar (frequently empty), hadith_count, book_id [hadith_chapters table]; hadith-level fields id, chapter_id, hadith_number, arabic, english/urdu [public/data/sahih_bukhari_en.json, sahih_bukhari_ur.json]",Scholarly introduction text with named source/scholar and verifiable citation,UNVERIFIED,NOT_PUBLISHED
/hadith/sahih-bukhari/english/chapter-80 | /hadith/sahih-bukhari/bangla/chapter-80 | /hadith/sahih-bukhari/urdu/chapter-80,"Verified scholarly introduction (themes, structure, context) drawn from a named scholarly source with visible citation and scholar/reviewer approval","chapter_number, title (EN), title_bn, title_ar (frequently empty), hadith_count, book_id [hadith_chapters table]; hadith-level fields id, chapter_id, hadith_number, arabic, english/urdu [public/data/sahih_bukhari_en.json, sahih_bukhari_ur.json]",Scholarly introduction text with named source/scholar and verifiable citation,UNVERIFIED,NOT_PUBLISHED
/hadith/sahih-bukhari/english/chapter-81 | /hadith/sahih-bukhari/bangla/chapter-81 | /hadith/sahih-bukhari/urdu/chapter-81,"Verified scholarly introduction (themes, structure, context) drawn from a named scholarly source with visible citation and scholar/reviewer approval","chapter_number, title (EN), title_bn, title_ar (frequently empty), hadith_count, book_id [hadith_chapters table]; hadith-level fields id, chapter_id, hadith_number, arabic, english/urdu [public/data/sahih_bukhari_en.json, sahih_bukhari_ur.json]",Scholarly introduction text with named source/scholar and verifiable citation,UNVERIFIED,NOT_PUBLISHED
/hadith/sahih-bukhari/english/chapter-82 | /hadith/sahih-bukhari/bangla/chapter-82 | /hadith/sahih-bukhari/urdu/chapter-82,"Verified scholarly introduction (themes, structure, context) drawn from a named scholarly source with visible citation and scholar/reviewer approval","chapter_number, title (EN), title_bn, title_ar (frequently empty), hadith_count, book_id [hadith_chapters table]; hadith-level fields id, chapter_id, hadith_number, arabic, english/urdu [public/data/sahih_bukhari_en.json, sahih_bukhari_ur.json]",Scholarly introduction text with named source/scholar and verifiable citation,UNVERIFIED,NOT_PUBLISHED
/hadith/sahih-bukhari/english/chapter-83 | /hadith/sahih-bukhari/bangla/chapter-83 | /hadith/sahih-bukhari/urdu/chapter-83,"Verified scholarly introduction (themes, structure, context) drawn from a named scholarly source with visible citation and scholar/reviewer approval","chapter_number, title (EN), title_bn, title_ar (frequently empty), hadith_count, book_id [hadith_chapters table]; hadith-level fields id, chapter_id, hadith_number, arabic, english/urdu [public/data/sahih_bukhari_en.json, sahih_bukhari_ur.json]",Scholarly introduction text with named source/scholar and verifiable citation,UNVERIFIED,NOT_PUBLISHED
/hadith/sahih-bukhari/english/chapter-84 | /hadith/sahih-bukhari/bangla/chapter-84 | /hadith/sahih-bukhari/urdu/chapter-84,"Verified scholarly introduction (themes, structure, context) drawn from a named scholarly source with visible citation and scholar/reviewer approval","chapter_number, title (EN), title_bn, title_ar (frequently empty), hadith_count, book_id [hadith_chapters table]; hadith-level fields id, chapter_id, hadith_number, arabic, english/urdu [public/data/sahih_bukhari_en.json, sahih_bukhari_ur.json]",Scholarly introduction text with named source/scholar and verifiable citation,UNVERIFIED,NOT_PUBLISHED
/hadith/sahih-bukhari/english/chapter-85 | /hadith/sahih-bukhari/bangla/chapter-85 | /hadith/sahih-bukhari/urdu/chapter-85,"Verified scholarly introduction (themes, structure, context) drawn from a named scholarly source with visible citation and scholar/reviewer approval","chapter_number, title (EN), title_bn, title_ar (frequently empty), hadith_count, book_id [hadith_chapters table]; hadith-level fields id, chapter_id, hadith_number, arabic, english/urdu [public/data/sahih_bukhari_en.json, sahih_bukhari_ur.json]",Scholarly introduction text with named source/scholar and verifiable citation,UNVERIFIED,NOT_PUBLISHED
/hadith/sahih-bukhari/english/chapter-86 | /hadith/sahih-bukhari/bangla/chapter-86 | /hadith/sahih-bukhari/urdu/chapter-86,"Verified scholarly introduction (themes, structure, context) drawn from a named scholarly source with visible citation and scholar/reviewer approval","chapter_number, title (EN), title_bn, title_ar (frequently empty), hadith_count, book_id [hadith_chapters table]; hadith-level fields id, chapter_id, hadith_number, arabic, english/urdu [public/data/sahih_bukhari_en.json, sahih_bukhari_ur.json]",Scholarly introduction text with named source/scholar and verifiable citation,UNVERIFIED,NOT_PUBLISHED
/hadith/sahih-bukhari/english/chapter-87 | /hadith/sahih-bukhari/bangla/chapter-87 | /hadith/sahih-bukhari/urdu/chapter-87,"Verified scholarly introduction (themes, structure, context) drawn from a named scholarly source with visible citation and scholar/reviewer approval","chapter_number, title (EN), title_bn, title_ar (frequently empty), hadith_count, book_id [hadith_chapters table]; hadith-level fields id, chapter_id, hadith_number, arabic, english/urdu [public/data/sahih_bukhari_en.json, sahih_bukhari_ur.json]",Scholarly introduction text with named source/scholar and verifiable citation,UNVERIFIED,NOT_PUBLISHED
/hadith/sahih-bukhari/english/chapter-88 | /hadith/sahih-bukhari/bangla/chapter-88 | /hadith/sahih-bukhari/urdu/chapter-88,"Verified scholarly introduction (themes, structure, context) drawn from a named scholarly source with visible citation and scholar/reviewer approval","chapter_number, title (EN), title_bn, title_ar (frequently empty), hadith_count, book_id [hadith_chapters table]; hadith-level fields id, chapter_id, hadith_number, arabic, english/urdu [public/data/sahih_bukhari_en.json, sahih_bukhari_ur.json]",Scholarly introduction text with named source/scholar and verifiable citation,UNVERIFIED,NOT_PUBLISHED
/hadith/sahih-bukhari/english/chapter-89 | /hadith/sahih-bukhari/bangla/chapter-89 | /hadith/sahih-bukhari/urdu/chapter-89,"Verified scholarly introduction (themes, structure, context) drawn from a named scholarly source with visible citation and scholar/reviewer approval","chapter_number, title (EN), title_bn, title_ar (frequently empty), hadith_count, book_id [hadith_chapters table]; hadith-level fields id, chapter_id, hadith_number, arabic, english/urdu [public/data/sahih_bukhari_en.json, sahih_bukhari_ur.json]",Scholarly introduction text with named source/scholar and verifiable citation,UNVERIFIED,NOT_PUBLISHED
/hadith/sahih-bukhari/english/chapter-90 | /hadith/sahih-bukhari/bangla/chapter-90 | /hadith/sahih-bukhari/urdu/chapter-90,"Verified scholarly introduction (themes, structure, context) drawn from a named scholarly source with visible citation and scholar/reviewer approval","chapter_number, title (EN), title_bn, title_ar (frequently empty), hadith_count, book_id [hadith_chapters table]; hadith-level fields id, chapter_id, hadith_number, arabic, english/urdu [public/data/sahih_bukhari_en.json, sahih_bukhari_ur.json]",Scholarly introduction text with named source/scholar and verifiable citation,UNVERIFIED,NOT_PUBLISHED
/hadith/sahih-bukhari/english/chapter-91 | /hadith/sahih-bukhari/bangla/chapter-91 | /hadith/sahih-bukhari/urdu/chapter-91,"Verified scholarly introduction (themes, structure, context) drawn from a named scholarly source with visible citation and scholar/reviewer approval","chapter_number, title (EN), title_bn, title_ar (frequently empty), hadith_count, book_id [hadith_chapters table]; hadith-level fields id, chapter_id, hadith_number, arabic, english/urdu [public/data/sahih_bukhari_en.json, sahih_bukhari_ur.json]",Scholarly introduction text with named source/scholar and verifiable citation,UNVERIFIED,NOT_PUBLISHED
/hadith/sahih-bukhari/english/chapter-92 | /hadith/sahih-bukhari/bangla/chapter-92 | /hadith/sahih-bukhari/urdu/chapter-92,"Verified scholarly introduction (themes, structure, context) drawn from a named scholarly source with visible citation and scholar/reviewer approval","chapter_number, title (EN), title_bn, title_ar (frequently empty), hadith_count, book_id [hadith_chapters table]; hadith-level fields id, chapter_id, hadith_number, arabic, english/urdu [public/data/sahih_bukhari_en.json, sahih_bukhari_ur.json]",Scholarly introduction text with named source/scholar and verifiable citation,UNVERIFIED,NOT_PUBLISHED
/hadith/sahih-bukhari/english/chapter-93 | /hadith/sahih-bukhari/bangla/chapter-93 | /hadith/sahih-bukhari/urdu/chapter-93,"Verified scholarly introduction (themes, structure, context) drawn from a named scholarly source with visible citation and scholar/reviewer approval","chapter_number, title (EN), title_bn, title_ar (frequently empty), hadith_count, book_id [hadith_chapters table]; hadith-level fields id, chapter_id, hadith_number, arabic, english/urdu [public/data/sahih_bukhari_en.json, sahih_bukhari_ur.json]",Scholarly introduction text with named source/scholar and verifiable citation,UNVERIFIED,NOT_PUBLISHED
/hadith/sahih-bukhari/english/chapter-94 | /hadith/sahih-bukhari/bangla/chapter-94 | /hadith/sahih-bukhari/urdu/chapter-94,"Verified scholarly introduction (themes, structure, context) drawn from a named scholarly source with visible citation and scholar/reviewer approval","chapter_number, title (EN), title_bn, title_ar (frequently empty), hadith_count, book_id [hadith_chapters table]; hadith-level fields id, chapter_id, hadith_number, arabic, english/urdu [public/data/sahih_bukhari_en.json, sahih_bukhari_ur.json]",Scholarly introduction text with named source/scholar and verifiable citation,UNVERIFIED,NOT_PUBLISHED
/hadith/sahih-bukhari/english/chapter-95 | /hadith/sahih-bukhari/bangla/chapter-95 | /hadith/sahih-bukhari/urdu/chapter-95,"Verified scholarly introduction (themes, structure, context) drawn from a named scholarly source with visible citation and scholar/reviewer approval","chapter_number, title (EN), title_bn, title_ar (frequently empty), hadith_count, book_id [hadith_chapters table]; hadith-level fields id, chapter_id, hadith_number, arabic, english/urdu [public/data/sahih_bukhari_en.json, sahih_bukhari_ur.json]",Scholarly introduction text with named source/scholar and verifiable citation,UNVERIFIED,NOT_PUBLISHED
/hadith/sahih-bukhari/english/chapter-96 | /hadith/sahih-bukhari/bangla/chapter-96 | /hadith/sahih-bukhari/urdu/chapter-96,"Verified scholarly introduction (themes, structure, context) drawn from a named scholarly source with visible citation and scholar/reviewer approval","chapter_number, title (EN), title_bn, title_ar (frequently empty), hadith_count, book_id [hadith_chapters table]; hadith-level fields id, chapter_id, hadith_number, arabic, english/urdu [public/data/sahih_bukhari_en.json, sahih_bukhari_ur.json]",Scholarly introduction text with named source/scholar and verifiable citation,UNVERIFIED,NOT_PUBLISHED
/hadith/sahih-bukhari/english/chapter-97 | /hadith/sahih-bukhari/bangla/chapter-97 | /hadith/sahih-bukhari/urdu/chapter-97,"Verified scholarly introduction (themes, structure, context) drawn from a named scholarly source with visible citation and scholar/reviewer approval","chapter_number, title (EN), title_bn, title_ar (frequently empty), hadith_count, book_id [hadith_chapters table]; hadith-level fields id, chapter_id, hadith_number, arabic, english/urdu [public/data/sahih_bukhari_en.json, sahih_bukhari_ur.json]",Scholarly introduction text with named source/scholar and verifiable citation,UNVERIFIED,NOT_PUBLISHED
